Avoid entering room 2 until you take bottle 4 from kitchen 1 and place it on table 4;!room_2 U (kitchen_1 & F(p_bottle_4 & F_pd & table_4));['pd', 'table_4', 'room_2', 'kitchen_1', 'p_bottle_4']
Avoid entering locality 5 until you pick up pass 5 from house 2 and place it in office 3;!locality_5 U (house_2 & F(p_pass_5 & F_office_3 & pd));['pd', 'office_3', 'house_2', 'locality_5', 'p_pass_5']
Stay away from room 2 until you collect bottle 4 from kitchen 1 and deliver it to table 4;!room_2 U (kitchen_1 & F(p_bottle_4 & F_pd & table_4));['pd', 'table_4', 'room_2', 'kitchen_1', 'p_bottle_4']
Refrain from going to room 2 until you pick up bottle 4 from kitchen 1 and place it on table 4;!room_2 U (kitchen_1 & F(p_bottle_4 & F_pd & table_4));['pd', 'table_4', 'room_2', 'kitchen_1', 'p_bottle_4']
Do not enter locality 5 until you pick up pass 5 from house 2 and put it in office 3;!locality_5 U (house_2 & F(p_pass_5 & F_office_3 & pd));['pd', 'office_3', 'house_2', 'locality_5', 'p_pass_5']
Stay out of locality 5 until you retrieve pass 5 from house 2 and put it in office 3;!locality_5 U (house_2 & F(p_pass_5 & F_office_3 & pd));['pd', 'office_3', 'house_2', 'locality_5', 'p_pass_5']
Do not go to room 2 until you take bottle 4 from kitchen 1, and then put it on table 4;!room_2 U (kitchen_1 & F(p_bottle_4 & F_pd & table_4));['pd', 'table_4', 'room_2', 'kitchen_1', 'p_bottle_4']
Do not go to locality 5 before collecting pass 5 from house 2 and delivering it to office 3;!locality_5 U (house_2 & F(p_pass_5 & F_office_3 & pd));['pd', 'office_3', 'house_2', 'locality_5', 'p_pass_5']
Do not go to room 2 before retrieving bottle 4 from kitchen 1 and putting it on table 4;!room_2 U (kitchen_1 & F(p_bottle_4 & F_pd & table_4));['pd', 'table_4', 'room_2', 'kitchen_1', 'p_bottle_4']
Refrain from entering locality 5 until you collect pass 5 from house 2 and deposit it in office 3;!locality_5 U (house_2 & F(p_pass_5 & F_office_3 & pd));['pd', 'office_3', 'house_2', 'locality_5', 'p_pass_5']
Do not enter garage 1 until you take a picture of landmark 5;!garage_1 U_landmark_5 & photo;['photo', 'garage_1', 'landmark_5']
Do not enter park 9 until you go to gate 7 and take a picture;!park_9 U_gate_7 & photo;['photo', 'park_9', 'gate_7']
Refrain from entering park 9 until you reach gate 7 and take a picture there;!park_9 U_gate_7 & photo;['photo', 'park_9', 'gate_7']
Avoid entering park 9 until you visit gate 7 and take a picture;!park_9 U_gate_7 & photo;['photo', 'park_9', 'gate_7']
Do not go to park 9 before arriving at gate 7 and capturing a photo;!park_9 U_gate_7 & photo;['photo', 'park_9', 'gate_7']
Stay away from park 9 until you go to gate 7 and ensure you take a photograph;!park_9 U_gate_7 & photo;['photo', 'park_9', 'gate_7']
Do not go to street 5 before reaching store 1 and taking package 4 from there.;!street_5 U_p_package_4 & store_1;['p_package_4', 'street_5', 'store_1']
Avoid parking lot 4 until building 8 is reached;!parking_lot_4 U building_8;['building_8', 'parking_lot_4']
Avoid building 1 until street 4 is reached;!building_1 U street_4;['building_1', 'street_4']
Ensure you stay away from building 8 until parking lot 8 is visited;!building_8 U parking_lot_8;['building_8', 'parking_lot_8']
Ensure you do not go to park 6 before retrieving pass 4;!park_6 U p_pass_4;['park_6', 'p_pass_4']
Ensure you do to intersection 4 before picking up cone 2;!p_cone_2 U intersection_4;['intersection_4', 'p_cone_2']
Do not enter park 6 until you pick up pass 4;!park_6 U p_pass_4;['park_6', 'p_pass_4']
Avoid entering parking lot 4 until you have reached building 8;!parking_lot_4 U building_8;['building_8', 'parking_lot_4']
Do not enter buildig 8 until you have reached parking lot 8;!building_8 U parking_lot_8;['building_8', 'parking_lot_8']
Do not enter park 6 unless you have already picked up pass 4;!park_6 U p_pass_4;['park_6', 'p_pass_4']
Do not go to parking lot 4 before arriving at building 8;!parking_lot_4 U building_8;['building_8', 'parking_lot_4']
Do not go to park 5 before reaching intersection 4;!park_5 U intersection_4;['park_5', 'intersection_4']
Avoid entering park 5 until you have reached intersection 4;!park_5 U intersection_4;['park_5', 'intersection_4']
Refrain from entering store 4 until you arrive at street 6, while delivering package 8 from office 2 to store 4;(!store_4 U street_6) & F(office_2 & F(p_package_8 & F_pd & store_4));['pd', 'street_6', 'p_package_8', 'store_4', 'office_2']
Refrain from visiting building 3 until you arrive at street 6, and then ensure you move box 8 from store 3 to house 2;(!building_3 U street_6) & F(store_3 & F(p_box_8 & F_house_2 & pd));['pd', 'street_6', 'house_2', 'building_3', 'store_3', 'p_box_8']
Do not enter office 4 until you pick pass 6 as you move pass 6 from house 5 to office 4;(!office_4 U p_pass_6) & F(house_5 & F(p_pass_6 & F_office_4 & pd));['pd', 'office_4', 'house_5', 'p_pass_6']
Avoid office 4 until pick up pass 6, then you need to pick it up at house 5 and deliver it to office 4;(!office_4 U p_pass_6) & F(house_5 & F(p_pass_6 & F_office_4 & pd));['pd', 'office_4', 'house_5', 'p_pass_6']
Do not go to intersection 1 before arriving at street 6, and ensure you take cone 3 from street 2 and place it in intersection 1;(!intersection_1 U street_6) & F(street_2 & F(p_cone_3 & F_intersection_1 & pd));['pd', 'street_6', 'street_2', 'intersection_1', 'p_cone_3']
Stay away from intersection 1 until you get to street 6, and afterward, deliver cone 3 from street 2 to intersection 1;(!intersection_1 U street_6) & F(street_2 & F(p_cone_3 & F_intersection_1 & pd));['pd', 'street_6', 'street_2', 'intersection_1', 'p_cone_3']
Do not enter intersection 1 until you reach street 6 as you take cone 3 from street 2 and put it in intersection 1;(!intersection_1 U street_6) & F(street_2 & F(p_cone_3 & F_intersection_1 & pd));['pd', 'street_6', 'street_2', 'intersection_1', 'p_cone_3']
Avoid entering intersection 5 until you reach street 4, and ensure you go to house 4, pick up pass 4, and deliver it to office 1;(!intersection_5 U street_4) & F(house_4 & F(p_pass_4 & F_office_1 & pd));['pd', 'street_4', 'house_4', 'intersection_5', 'p_pass_4', 'office_1']
Avoid going to store 4 until you reach street 6 as you take package 8 from office 2 to store 4;(!store_4 U street_6) & F(office_2 & F(p_package_8 & F_pd & store_4));['pd', 'street_6', 'p_package_8', 'store_4', 'office_2']
Avoid entering intersection 1 until you reach street 6, and then transport cone 3 from street 2 to intersection 1;(!intersection_1 U street_6) & F(street_2 & F(p_cone_3 & F_intersection_1 & pd));['pd', 'street_6', 'street_2', 'intersection_1', 'p_cone_3']
Do not go to intersection 5 until you reach street 4 as you take pass 4 from house 4 to office 1;(!intersection_5 U street_4) & F(house_4 & F(p_pass_4 & F_office_1 & pd));['pd', 'street_4', 'house_4', 'intersection_5', 'p_pass_4', 'office_1']
Refrain from entering intersection 1 until you reach street 6, and then move cone 3 from street 2 to intersection 1;(!intersection_1 U street_6) & F(street_2 & F(p_cone_3 & F_intersection_1 & pd));['pd', 'street_6', 'street_2', 'intersection_1', 'p_cone_3']
Do not visit parking lot 4 before reaching street 5, and after that, proceed to enter and remain there;(!parking_lot_4 U street_5)& F_parking_lot_4 & G parking_lot_4;['street_5', 'parking_lot_4']
Refrain from going to parking lot 4 until you arrive at street 5, and then ensure you enter and stay in parking lot 4;(!parking_lot_4 U street_5)& F_parking_lot_4 & G parking_lot_4;['street_5', 'parking_lot_4']
Do not enter parking lot 4 until you reach street 5 as you enter and stay in parking lot 4;(!parking_lot_4 U street_5)& F_parking_lot_4 & G parking_lot_4;['street_5', 'parking_lot_4']
Avoid entering parking lot 4 until you reach street 5 and then enter and remain in parking lot 4;(!parking_lot_4 U street_5)& F_parking_lot_4 & G parking_lot_4;['street_5', 'parking_lot_4']
Stay away from parking lot 4 until you reach street 5, after which you must enter and stay in parking lot 4 continuously;(!parking_lot_4 U street_5)& F_parking_lot_4 & G parking_lot_4;['street_5', 'parking_lot_4']
Stay away from park 5 until you arrive at intersection 5, and afterward, take a picture of monument 3;(!park_5 U intersection_5)& F_monument_3 & photo;['photo', 'park_5', 'monument_3', 'intersection_5']
Stay out of garage 1 until you take a picture as part of photographing landmark 5;(!garage_1 U photo)& F_landmark_5 & photo;['photo', 'garage_1', 'landmark_5']
Avoid entering garage 1 until a photo is taken, and ensure you eventually go to landmark 5 and take a picture there;(!garage_1 U photo)& F_landmark_5 & photo;['photo', 'garage_1', 'landmark_5']
Avoid entering street 5 until you reach store 1, and ensure that you eventually go to store 1 and pick up package 4;(!street_5 U store_1)& F_p_package_4 & store_1;['p_package_4', 'street_5', 'store_1']
Do not enter park 5 until you reach intersection 5 as you take a picture of monument 3;(!park_5 U intersection_5)& F_monument_3 & photo;['photo', 'park_5', 'monument_3', 'intersection_5']
Avoid going to garage 1 until you take a picture as you take a picture of landmark 5;(!garage_1 U photo)& F_landmark_5 & photo;['photo', 'garage_1', 'landmark_5']
Avoid going to park 5 until you reach intersection 5 as you take a photo of monument 3;(!park_5 U intersection_5)& F_monument_3 & photo;['photo', 'park_5', 'monument_3', 'intersection_5']
Do not go into park 5 before reaching intersection 5, and ensure you capture a photo of monument 3;(!park_5 U intersection_5)& F_monument_3 & photo;['photo', 'park_5', 'monument_3', 'intersection_5']
Do not go to landmark 5 before reaching park 5, and ensure you eventually take a picture of landmark 5;(!landmark_5 U park_5)& F_landmark_5 & photo;['photo', 'park_5', 'landmark_5']
Avoid taking a photo until you reach park 5, and ensure you eventually go to landmark 4 and take a photo there;(!photo U park_5)& F_landmark_4 & photo;['photo', 'park_5', 'landmark_4']
Do not enter street 5 until you reach store 1 as you pick up package 4 from store 1;(!street_5 U store_1)& F_p_package_4 & store_1;['p_package_4', 'street_5', 'store_1']
Do not go to street 4 before reaching intersection 2, as you proceed to house 13 and collect trash 13;(!street_4 U intersection_2)& F_house_13 & p_trash_13;['street_4', 'intersection_2', 'house_13', 'p_trash_13']
Stay away from street 4 until you arrive at intersection 6 and then proceed to and remain in street 4;(!street_4 U intersection_6) & FG street_4;['street_4', 'intersection_6']
Do not enter street 4 before reaching intersection 6 and then stay in street 4 continuously;(!street_4 U intersection_6) & FG street_4;['street_4', 'intersection_6']
Refrain from visiting street 4 until you have reached intersection 6, after which you must transition to and stay in street 4;(!street_4 U intersection_6) & FG street_4;['street_4', 'intersection_6']
Avoid going to street 4 until you reach intersection 6, after which you must go to and remain in street 4;(!street_4 U intersection_6) & FG street_4;['street_4', 'intersection_6']
Do not enter building 3 until you arrive at garage 3, and once there, remain in building 3;(!building_3 U garage_3) & FG building_3;['building_3', 'garage_3']
Do not go to street 4 until you reach intersection 6 as you go to and stay in street 4;(!street_4 U intersection_6) & FG street_4;['street_4', 'intersection_6']
Stay away from intersection 8 until street 3 is reached, and ensure you go to locality 5 afterward;(!intersection_8 U street_3) & F locality_5;['intersection_8', 'street_3', 'locality_5']
Avoid going to intersection 8 until you reach street 3, and then proceed to locality 5;(!intersection_8 U street_3) & F locality_5;['intersection_8', 'street_3', 'locality_5']
Do not enter intersection 8 before arriving at street 3, while ensuring you eventually go to locality 5;(!intersection_8 U street_3) & F locality_5;['intersection_8', 'street_3', 'locality_5']
Refrain from visiting intersection 8 until you reach street 3 and then make your way to locality 5;(!intersection_8 U street_3) & F locality_5;['intersection_8', 'street_3', 'locality_5']
Do not go to intersection 8 until you reach street 3 as you go to locality 5;(!intersection_8 U street_3) & F locality_5;['intersection_8', 'street_3', 'locality_5']
Stay in park 5 until you reach bench 4, and ensure you eventually go to store 2 and pick up bottle 5 and deliver it to bench 4;(park_5 U bench_4) & F(store_2 & F(p_bottle_5 & F_bench_4 & pd));['pd', 'park_5', 'store_2', 'bench_4', 'p_bottle_5']
Remain in park 5 until you reach bench 4, and ensure you take bottle 5 from store 2 and deliver it to bench 4;(park_5 U bench_4) & F(store_2 & F(p_bottle_5 & F_bench_4 & pd));['pd', 'park_5', 'store_2', 'bench_4', 'p_bottle_5']
Stay in park 5 until you reach bench 4 as you take bottle 5 from store 2 and deliver it to bench 4;(park_5 U bench_4) & F(store_2 & F(p_bottle_5 & F_bench_4 & pd));['pd', 'park_5', 'store_2', 'bench_4', 'p_bottle_5']
Stay within locality 1 until you arrive at intersection 4, after which take package 5 from warehouse 9 to store 2;(locality_1 U intersection_4) & F(warehouse_9 & F(p_package_5 & F_pd & store_2));['pd', 'p_package_5', 'store_2', 'intersection_4', 'locality_1', 'warehouse_9']
Stay in locality 1 until you reach intersection 4 as you take package 5 from warehouse 9 to store 2;(locality_1 U intersection_4) & F(warehouse_9 & F(p_package_5 & F_pd & store_2));['pd', 'p_package_5', 'store_2', 'intersection_4', 'locality_1', 'warehouse_9']
Do not leave locality 1 before reaching intersection 4, and then ensure package 5 is delivered from warehouse 9 to store 2;(locality_1 U intersection_4) & F(warehouse_9 & F(p_package_5 & F_pd & store_2));['pd', 'p_package_5', 'store_2', 'intersection_4', 'locality_1', 'warehouse_9']
Stay within locality 1 until you arrive at intersection 4, after which deliver package 5 from warehouse 9 to store 2;(locality_1 U intersection_4) & F(warehouse_9 & F(p_package_5 & F_pd & store_2));['pd', 'p_package_5', 'store_2', 'intersection_4', 'locality_1', 'warehouse_9']
Stay in park 5 until you reach bench 4 and ensure you eventually go to store 2 and  pick up bottle 5 and deliver it to bench 4;(park_5 U bench_4) & F(store_2 & F(p_bottle_5 & F_bench_4 & pd));['pd', 'park_5', 'store_2', 'bench_4', 'p_bottle_5']
Stay in park 5 until you arrive at bench 4 while transporting bottle 5 from store 2 to bench 4;(park_5 U bench_4) & F(store_2 & F(p_bottle_5 & F_bench_4 & pd));['pd', 'park_5', 'store_2', 'bench_4', 'p_bottle_5']
Remain in locality 1 until you arrive intersection 4 as you take package 5 from warehouse 9 to store 2;(locality_1 U intersection_4) & F(warehouse_9 & F(p_package_5 & F_pd & store_2));['pd', 'p_package_5', 'store_2', 'intersection_4', 'locality_1', 'warehouse_9']
Go to office 3 to pick up document 1 and move to street 2 to remain there indefinitely;F(office_3 & F(p_document_1 & F_street_2 & G street_2));['office_3', 'street_2', 'p_document_1']
Pick up document 1 from office 3 and take it to street 2 and stay there;F(office_3 & F(p_document_1 & F_street_2 & G street_2));['office_3', 'street_2', 'p_document_1']
Collect docuent 1 from office 3 and take it to street 2, where you stay permanently;F(office_3 & F(p_document_1 & F_street_2 & G street_2));['office_3', 'street_2', 'p_document_1']
Retrieve stack 4 from house 4, travel to street 2, and continuously remain there;F(house_4 & F(p_stack_4 & F_street_2 & G street_2));['house_4', 'street_2', 'p_stack_4']
Get brochure 9 from table 2 and go to park 4 and stay there;F(table_2 & F(p_brochure_9 & F_park_4 & G park_4));['table_2', 'park_4', 'p_brochure_9']
Eventually collect stack 4 from house 4 and go to street 2 and stay there;F(house_4 & F(p_stack_4 & F_street_2 & G street_2));['house_4', 'street_2', 'p_stack_4']
Take bottle 2 from kitchen 1 and go to hall 2, ensuring you stay there forever;F(kitchen_1 & F(p_bottle_2 & F_hall_2 & G hall_2));['kitchen_1', 'p_bottle_2', 'hall_2']
Eventually (go to office 3, pick up document 1, and then go to street 2 and remain there permanently);F(office_3 & F(p_document_1 & F_street_2 & G street_2));['office_3', 'street_2', 'p_document_1']
Pick up stack 4 from house 4 and go to street 2 and stay there;F(house_4 & F(p_stack_4 & F_street_2 & G street_2));['house_4', 'street_2', 'p_stack_4']
Pick up bottle 2 from kitchen 1 and go to hall 2 and stay there;F(kitchen_1 & F(p_bottle_2 & F_hall_2 & G hall_2));['kitchen_1', 'p_bottle_2', 'hall_2']
Grab brochure 9 from table 2 and go to park 4 and stay there;F(table_2 & F(p_brochure_9 & F_park_4 & G park_4));['table_2', 'park_4', 'p_brochure_9']
Go to house 4 to pick up stack 4 and then proceed to street 2 and stay there;F(house_4 & F(p_stack_4 & F_street_2 & G street_2));['house_4', 'street_2', 'p_stack_4']
Go to warehouse 3 to collect package 2, deliver it to house 1, and take a picture there;F(warehouse_3 & F(p_package_2 & F_house_1 & pd & photo));['warehouse_3', 'pd', 'photo', 'house_1', 'p_package_2']
Retrieve package 2 at warehouse 3, bring it to house 1, and capture a photo at house 1;F(warehouse_3 & F(p_package_2 & F_house_1 & pd & photo));['warehouse_3', 'pd', 'photo', 'house_1', 'p_package_2']
Eventually go to warehouse 3 and pick up package 2 and then go to house 1 to deliver the package and take a picture there.;F(warehouse_3 & F(p_package_2 & F_house_1 & pd & photo));['warehouse_3', 'pd', 'photo', 'house_1', 'p_package_2']
Pick up package 2 from warehouse 3, deliver it to house 1, and take a picture at house 1;F(warehouse_3 & F(p_package_2 & F_house_1 & pd & photo));['warehouse_3', 'pd', 'photo', 'house_1', 'p_package_2']
Deliver package 2 from warehouse 3 to house 1 and take a picture at house 1;F(warehouse_3 & F(p_package_2 & F_house_1 & pd & photo));['warehouse_3', 'pd', 'photo', 'house_1', 'p_package_2']
Get package 4 from store 2 and subsequently transport it to house 4;F(store_2 & F(p_package_4 & F_house_4 & pd));['pd', 'p_package_4', 'house_4', 'store_2']
Ensure that box 2 is collected from office 4 and eventually delivered to house 1;F(office_4 & F(p_box_2 & F_house_1 & pd));['pd', 'house_1', 'office_4', 'p_box_2']
Collect trash can 4 from house 1 and place it in garbage dump 3;F(house_1 & F(p_trash_can_4 & F_garbage_dump_3 & pd));['pd', 'house_1', 'p_trash_can_4', 'garbage_dump_3']
Go to parking lot 2 to pick up cone 5 and put it down in street 1;F(parking_lot_2 & F(p_cone_5 & F_pd & street_1));['pd', 'p_cone_5', 'parking_lot_2', 'street_1']
Take letter 2 from post office 1 and place it in building 3 afterward;F(post_office_1 & F(p_lettter_2 & F_building_3 & pd));['pd', 'post_office_1', 'p_lettter_2', 'building_3']
Go to post office 1, collect letter 2, and put it down in building 3;F(post_office_1 & F(p_lettter_2 & F_building_3 & pd));['pd', 'post_office_1', 'p_lettter_2', 'building_3']
Pick up box 8 from house 3 and put it in office 2;F(house_3 & F(p_box_8 & F_office_2 & pd));['pd', 'p_box_8', 'office_2', 'house_3']
Go to house 4 and pick up package 2 and take it to warehouse 5;F(house_4 & F(p_package_2 & F_pd & warehouse_5));['pd', 'house_4', 'p_package_2', 'warehouse_5']
Ensure box 4 is picked up from house 5 and delivered to office 2;F(house_5 & F(p_box_4 & F_office_2 & pd));['pd', 'house_5', 'p_box_4', 'office_2']
Go to office 5 to collect letter 4 and take it to house 2;F(office_5 & F(p_letter_4 & F_house_2 & pd));['pd', 'house_2', 'office_5', 'p_letter_4']
Ensure you take traffic cone 5 from street 4 and then move it to intersection 6;F(street_4 & F(p_traffic_cone_5 & F_intersection_6 & pd));['pd', 'street_4', 'p_traffic_cone_5', 'intersection_6']
Deliver box 2 from office 4 to house 1;F(office_4 & F(p_box_2 & F_house_1 & pd));['pd', 'house_1', 'office_4', 'p_box_2']
Deliver pass 2 from house 3 to office 2 but do not enter street 5 until you pick up pass 2;F(house_3 & F(p_pass_2 & F_office_2 & pd))&_!street_5 U p_pass_2;['pd', 'street_5', 'office_2', 'house_3', 'p_pass_2']
Go to house 3, collect pass 2, and take it to office 2, making sure you do not go to street 5 before picking up pass 2;F(house_3 & F(p_pass_2 & F_office_2 & pd))&_!street_5 U p_pass_2;['pd', 'street_5', 'office_2', 'house_3', 'p_pass_2']
Eventually go to house 3, pick up pass 2, and deliver it to office 2, while ensuring you do not enter street 5 before picking up pass 2;F(house_3 & F(p_pass_2 & F_office_2 & pd))&_!street_5 U p_pass_2;['pd', 'street_5', 'office_2', 'house_3', 'p_pass_2']
Pick up pass 2 from house 3 and deliver it to office 2, ensuring you do not enter street 5 before retrieving pass 2;F(house_3 & F(p_pass_2 & F_office_2 & pd))&_!street_5 U p_pass_2;['pd', 'street_5', 'office_2', 'house_3', 'p_pass_2']
Retrieve pass 2 from house 3 and deliver it to office 2 while avoiding street 5 until after picking up pass 2;F(house_3 & F(p_pass_2 & F_office_2 & pd))&_!street_5 U p_pass_2;['pd', 'street_5', 'office_2', 'house_3', 'p_pass_2']
Ensure you transport box 1 from store 6 to house 9, and afterward, go to intersection 5 and stay there indefinitely;F(store_6 & F(p_box_1 & F_house_9 & pd))& F_intersection_5 & G intersection_5;['pd', 'store_6', 'house_9', 'intersection_5', 'p_box_1']
Pick up box 1 from store 6, deliver it to house 9, and then head to intersection 5 and stay there;F(store_6 & F(p_box_1 & F_house_9 & pd))& F_intersection_5 & G intersection_5;['pd', 'store_6', 'house_9', 'intersection_5', 'p_box_1']
Move box 1 from store 6 to house 9, and then go to intersection 5 and continue staying there;F(store_6 & F(p_box_1 & F_house_9 & pd))& F_intersection_5 & G intersection_5;['pd', 'store_6', 'house_9', 'intersection_5', 'p_box_1']
Deliver box 1 from store 6 to house 9, then proceed to intersection 5 and remain there permanently;F(store_6 & F(p_box_1 & F_house_9 & pd))& F_intersection_5 & G intersection_5;['pd', 'store_6', 'house_9', 'intersection_5', 'p_box_1']
Deliver box 1 from store 6 to house 9 and then go to intersection 5 and stay there;F(store_6 & F(p_box_1 & F_house_9 & pd))& F_intersection_5 & G intersection_5;['pd', 'store_6', 'house_9', 'intersection_5', 'p_box_1']
Retrieve package 2 from store 3, deliver it to house 2, and never go into mall 1;F(store_3 & F(p_package_2 & F_house_2 & pd)) & G!mall_1;['pd', 'house_2', 'store_3', 'p_package_2', 'mall_1']
Collect tin can 4 from table 4, move it to trash can 5, while always staying out of hallway 2;F(table_4 & F(p_tin_can_4 & F_pd & trash_can_5)) & G!hallway_2;['pd', 'table_4', 'p_tin_can_4', 'trash_can_5', 'hallway_2']
Pick up tin can 4 from table 4 and put it in trash can 5 without entering hallway 2;F(table_4 & F(p_tin_can_4 & F_pd & trash_can_5)) & G!hallway_2;['pd', 'table_4', 'p_tin_can_4', 'trash_can_5', 'hallway_2']
Take tin can 4 from table 4, deposit it in trash can 5, and ensure you do not enter hallway 2;F(table_4 & F(p_tin_can_4 & F_pd & trash_can_5)) & G!hallway_2;['pd', 'table_4', 'p_tin_can_4', 'trash_can_5', 'hallway_2']
Get package 2 from store 3 and take it to house 2 but do not enter mall 1;F(store_3 & F(p_package_2 & F_house_2 & pd)) & G!mall_1;['pd', 'house_2', 'store_3', 'p_package_2', 'mall_1']
Pick up tin can 4 from table 4, deliver it to trash can 5, and avoid going into hallway 2;F(table_4 & F(p_tin_can_4 & F_pd & trash_can_5)) & G!hallway_2;['pd', 'table_4', 'p_tin_can_4', 'trash_can_5', 'hallway_2']
Retrieve tin can 4 from table 4, place it in trash can 5, and ensure you never enter hallway 2;F(table_4 & F(p_tin_can_4 & F_pd & trash_can_5)) & G!hallway_2;['pd', 'table_4', 'p_tin_can_4', 'trash_can_5', 'hallway_2']
Go to store 3 to get package 2 and deliver it to house 2, ensuring you do not enter mall 1;F(store_3 & F(p_package_2 & F_house_2 & pd)) & G!mall_1;['pd', 'house_2', 'store_3', 'p_package_2', 'mall_1']
Pick up package 2 from store 3, take it to house 2, while avoiding mall 1 completely;F(store_3 & F(p_package_2 & F_house_2 & pd)) & G!mall_1;['pd', 'house_2', 'store_3', 'p_package_2', 'mall_1']
Collect package 2 from store 3 and take it to house 2 without entering mall 1;F(store_3 & F(p_package_2 & F_house_2 & pd)) & G!mall_1;['pd', 'house_2', 'store_3', 'p_package_2', 'mall_1']
Pick up cone 2 from police station 1 and place it in intersection 2 without ever going to park 3.;F(police_station_1 & F(p_cone_2 & F_intersection_2 & pd)) & G!park_3;['pd', 'park_3', 'p_cone_2', 'police_station_1', 'intersection_2']
Drop whatever you are holding and go to park 4 to remain there permanently;F(pd & F_park_4 & G park_4);['pd', 'park_4']
Reach street 5, and after that, go to building 2 and stay permanently;F(street_5 & F_building_2 & G building_2);['street_5', 'building_2']
Release any item in your possession and head to park 4, staying there permanently;F(pd & F_park_4 & G park_4);['pd', 'park_4']
First go to street 5, then proceed to building 2 and stay there;F(street_5 & F_building_2 & G building_2);['street_5', 'building_2']
Put down your current item and proceed to park 4, stay there indefinitely;F(pd & F_park_4 & G park_4);['pd', 'park_4']
Go to street 5 before heading to building 2 and staying there forever.;F(street_5 & F_building_2 & G building_2);['street_5', 'building_2']
Put down what you have and go to park 4 and stay there;F(pd & F_park_4 & G park_4);['pd', 'park_4']
Visit street 5 and afterward go to building 2 and remain there indefinitely;F(street_5 & F_building_2 & G building_2);['street_5', 'building_2']
Ensure you put down your held item and then go to park 4, where you stay forever;F(pd & F_park_4 & G park_4);['pd', 'park_4']
Reach garage 4 before going to building 3 and stay there indefinitely;F(garage_4 & F_building_3 & G building_3);['building_3', 'garage_4']
Go to street 5 and then go to building 2 and stay there;F(street_5 & F_building_2 & G building_2);['street_5', 'building_2']
Eventually, (pick up crate 4 and afterward go to park 1 and deliver it and remain in park 1 permanently);F(p_crate_4 & F_park_1 & pd & G park_1);['p_crate_4', 'pd', 'park_1']
Eventually (pick up crate 4, and after that, go to park 1, deliver the crate, and remain in park 1 indefinitely);F(p_crate_4 & F_park_1 & pd & G park_1);['p_crate_4', 'pd', 'park_1']
Pick up crate 4 and take it to park 1 and stay there;F(p_crate_4 & F_park_1 & pd & G park_1);['p_crate_4', 'pd', 'park_1']
Eventually pick up crate 4 and then go to park 1 and then put down and remain in park 1;F(p_crate_4 & F_park_1 & pd & G park_1);['p_crate_4', 'pd', 'park_1']
Eventually (pick up crate 4 and eventually go to park 1 and put down the crate 4 and stay in park 1);F(p_crate_4 & F_park_1 & pd & G park_1);['p_crate_4', 'pd', 'park_1']
Ensure you go to park 5 and afterward take a picture of monument 3;F(park_5 & F_monument_3 & photo);['photo', 'park_5', 'monument_3']
Take a picture of statue 2, but only after reaching park 5;F(park_5 & F_photo & statue_2);['photo', 'park_5', 'statue_2']
Ensure you go to park 7 and then capture a photo of monument 4;F(park_7 & F_monument_4 & photo);['photo', 'park_7', 'monument_4']
Pick up luggage 2 and move it to room 402;F(p_luggage_2 & F_pd & room_402);['pd', 'p_luggage_2', 'room_402']
Reach park 7 and photograph monument 4;F(park_7 & F_monument_4 & photo);['photo', 'park_7', 'monument_4']
Go to park 5 and then take a picture of monument 3;F(park_5 & F_monument_3 & photo);['photo', 'park_5', 'monument_3']
Go to park 7 and take a picture of monument 4;F(park_7 & F_monument_4 & photo);['photo', 'park_7', 'monument_4']
First go to park 7 and after that take a picture of monument 4;F(park_7 & F_monument_4 & photo);['photo', 'park_7', 'monument_4']
Start by reaching park 5, and then proceed to take a photo of monument 3;F(park_5 & F_monument_3 & photo);['photo', 'park_5', 'monument_3']
Go to park 7, and afterward, take a picture of monument 4;F(park_7 & F_monument_4 & photo);['photo', 'park_7', 'monument_4']
Visit park 5 first and then take a photo of monument 3;F(park_5 & F_monument_3 & photo);['photo', 'park_5', 'monument_3']
Go to pick up luggage 2 and place it in room 402;F(p_luggage_2 & F_pd & room_402);['pd', 'p_luggage_2', 'room_402']
Put down whatever you are carrying and head to parking lot 2;F_pd & F parking_lot_2;['pd', 'parking_lot_2']
Put down anything you hold and go to parking lot 2;F_pd & F parking_lot_2;['pd', 'parking_lot_2']
Ensure you go to street 5 before heading to house 4;F_street_5 & F house_4;['street_5', 'house_4']
Go to street 5 and then make your way to house 4;F_street_5 & F house_4;['street_5', 'house_4']
Go to street 5 and then go to house 4;F_street_5 & F house_4;['street_5', 'house_4']
Drop any item you have and move to parking lot 2;F_pd & F parking_lot_2;['pd', 'parking_lot_2']
Release anything you are holding and proceed to parking lot 2;F_pd & F parking_lot_2;['pd', 'parking_lot_2']
Ensure you put down any held object before going to parking lot 2.;F_pd & F parking_lot_2;['pd', 'parking_lot_2']
Reach street 5, and after that, go to house 4;F_street_5 & F house_4;['street_5', 'house_4']
Visit street 5 first, and then proceed to house 4;F_street_5 & F house_4;['street_5', 'house_4']
Take a picture of building 4, then go to parking lot 2 and remain there permanently;F(building_4 & photo & F_parking_lot_2 & G parking_lot_2);['photo', 'parking_lot_2', 'building_4']
Ensure you photograph monument 3 and afterward proceed to pathway 8 and stay there;F(monument_3 & photo & F_pathway_8 & G pathway_8);['photo', 'monument_3', 'pathway_8']
Take a picture of building 4 and then go to parking lot 2 and stay there;F(building_4 & photo & F_parking_lot_2 & G parking_lot_2);['photo', 'parking_lot_2', 'building_4']
Take a picture of statue 6, then go to bench 4 and remain there;F(photo & statue_6 & F_bench_4 & G bench_4);['photo', 'statue_6', 'bench_4']
Photograph building 4, and then go to parking lot 2, staying there continuously;F(building_4 & photo & F_parking_lot_2 & G parking_lot_2);['photo', 'parking_lot_2', 'building_4']
Take a picture of statue 6 and then go to bench 4 and stay there;F(photo & statue_6 & F_bench_4 & G bench_4);['photo', 'statue_6', 'bench_4']
Take a picture of arch 2 and then make sure to go to park 8 and stay there indefinitely;F(arch_2 & photo & F_park_8 & G park_8);['park_8', 'photo', 'arch_2']
take a picture of monument 3 and then ensure you reach pathway 8 and stay there indefinitely;F(monument_3 & photo & F_pathway_8 & G pathway_8);['photo', 'monument_3', 'pathway_8']
Take a picture of arch 2 and then go to park 8 and stay there;F(arch_2 & photo & F_park_8 & G park_8);['park_8', 'photo', 'arch_2']
Take a photo of statue 6 and then go to bench 4 and remain there;F(photo & statue_6 & F_bench_4 & G bench_4);['photo', 'statue_6', 'bench_4']
Ensure you capture a photo of statue 6 and afterward proceed to bench 4 and stay;F(photo & statue_6 & F_bench_4 & G bench_4);['photo', 'statue_6', 'bench_4']
Take a picture of arch 2, then go to park 8 and remain there permanently;F(arch_2 & photo & F_park_8 & G park_8);['park_8', 'photo', 'arch_2']
Eventually (go to intersection 7, take a picture there, and remain at intersection 7 permanently);F_intersection_7 & photo & G intersection_7;['photo', 'intersection_7']
Eventually go to intersection 7 and take a photo while stay there;F_intersection_7 & photo & G intersection_7;['photo', 'intersection_7']
Take a picture of monument 12 and then stay there;F_monument_12 & photo & G monument_12;['photo', 'monument_12']
Reach landmark 9, capture an image, and remain there forever;F_landmark_9 & photo & G landmark_9;['photo', 'landmark_9']
Eventually, you need to visit bench 4, capture a photo, and stay there permanently;F_bench_4 & photo & G bench_4;['photo', 'bench_4']
Eventually(Reach bench 4, take a photograph, and continue staying there);F_bench_4 & photo & G bench_4;['photo', 'bench_4']
Eventually (take a picture at intersection 7 and remain there);F_intersection_7 & photo & G intersection_7;['photo', 'intersection_7']
Eventually (Photograph monument 12 and continue staying at that location);F_monument_12 & photo & G monument_12;['photo', 'monument_12']
Eventually (you need to go to landmark 9 to take a photo and stay there);F_landmark_9 & photo & G landmark_9;['photo', 'landmark_9']
Eventually you will need to go to intersection 7 and take a picture there and remain at intersection 7 permanently;F_intersection_7 & photo & G intersection_7;['photo', 'intersection_7']
Make sure to go to bench 4, take a picture, and remain at that location;F_bench_4 & photo & G bench_4;['photo', 'bench_4']
Eventually(Ensure you capture a photo of monument 12 and stay there);F_monument_12 & photo & G monument_12;['photo', 'monument_12']
Go to parking lot 2 to collect dish 2;F_p_dish_2 & parking_lot_2;['p_dish_2', 'parking_lot_2']
Go to statue 5 and capture an image there;F_photo & statue_5;['photo', 'statue_5']
Go to arch 1 and take a picture of it;F_arch_1 & photo;['photo', 'arch_1']
Eventually go to house 2 and pick up trash can 2;F_house_2 & p_trash_can_2;['house_2', 'p_trash_can_2']
Snap a photo of building 2.;F_building_2 & photo;['photo', 'building_2']
Visit statue 5 and take a picture of it;F_photo & statue_5;['photo', 'statue_5']
Make your way to house 2 and pick up trash can 2;F_house_2 & p_trash_can_2;['house_2', 'p_trash_can_2']
Take a photograph of building 2.;F_building_2 & photo;['photo', 'building_2']
Take a picture at statue 7 after visiting it;F_photo & statue_7;['photo', 'statue_7']
Take a photograph of landmark 6;F_landmark_6 & photo;['photo', 'landmark_6']
Go to statue 7 and take a picture;F_photo & statue_7;['photo', 'statue_7']
Go to statue 5 to take a picture;F_photo & statue_5;['photo', 'statue_5']
Capture the image of monument 1 but refrain from entering monument until you have reached park 4;F_monument_1 & photo&_!monument_1 U park_4;['photo', 'park_4', 'monument_1']
Take a picture of statue 2 but do not go to statue 2 until you reach park 5;F_photo & statue_2&_!statue_2 U park_5;['photo', 'park_5', 'statue_2']
Do not enter statue 2 until you have reached park 5 and taken a picture;F_photo & statue_2&_!statue_2 U park_5;['photo', 'park_5', 'statue_2']
Eventually take a picture of statue 2, but avoid going to statue 2 until you reach park 5;F_photo & statue_2&_!statue_2 U park_5;['photo', 'park_5', 'statue_2']
Take a picture of monument 1, but do not enter monument 1 until you reach park 4;F_monument_1 & photo&_!monument_1 U park_4;['photo', 'park_4', 'monument_1']
Eventually you need to go to monument 1 to take a picture, but do not visit monument 1 until you arrive at park 4;F_monument_1 & photo&_!monument_1 U park_4;['photo', 'park_4', 'monument_1']
Avoid going to statue 2 until you arrive at park 5 and take a picture of it;F_photo & statue_2&_!statue_2 U park_5;['photo', 'park_5', 'statue_2']
Take a picture of monument 1 but do not go to monument 1 until you reach park 4;F_monument_1 & photo&_!monument_1 U park_4;['photo', 'park_4', 'monument_1']
Eventually take a picture of monument 1, but avoid going to monument 1 until you have reached park 4;F_monument_1 & photo&_!monument_1 U park_4;['photo', 'park_4', 'monument_1']
Retrieve water bottle 4 at hospital 3 while ensuring pharmacy 2 is not entered.;F_hospital_3 & p_bottle_4 & G!pharmacy_2;['p_bottle_4', 'hospital_3', 'pharmacy_2']
Eventually you should take a picture of arch 4 while never entering park 2;F_arch_4 & photo & G!park_2;['photo', 'park_2', 'arch_4']
Capture a photo of arch 4 but never go to park 2;F_arch_4 & photo & G!park_2;['photo', 'park_2', 'arch_4']
Eventually Capture a photo of arch 4 but never go to park 2;F_arch_4 & photo & G!park_2;['photo', 'park_2', 'arch_4']
Take a photo of arch 4 at some point, but avoid entering park 2 at all times;F_arch_4 & photo & G!park_2;['photo', 'park_2', 'arch_4']
Go to hospital 3 and grab water bottle 4, as you ensure you never enter pharmacy 2;F_hospital_3 & p_bottle_4 & G!pharmacy_2;['p_bottle_4', 'hospital_3', 'pharmacy_2']
Pick up water bottle 4 from hospital 3 while staying away from pharmacy 2;F_hospital_3 & p_bottle_4 & G!pharmacy_2;['p_bottle_4', 'hospital_3', 'pharmacy_2']
Take a picture of arch 4 but never enter park 2;F_arch_4 & photo & G!park_2;['photo', 'park_2', 'arch_4']
Go to hospital 3 and pick up water bottle 4 while never entering pharmacy 2;F_hospital_3 & p_bottle_4 & G!pharmacy_2;['p_bottle_4', 'hospital_3', 'pharmacy_2']
Pick up bottle 3 in kitchen 2 and ensure you never enter living room 1;F_kitchen_2 & p_bottle_3 & G!living_room_1;['p_bottle_3', 'kitchen_2', 'living_room_1']
Collect bottle 3 from kitchen 2 without entering living room 1.;F_kitchen_2 & p_bottle_3 & G!living_room_1;['p_bottle_3', 'kitchen_2', 'living_room_1']
Go to kitchen 2 to grab bottle 3, staying away from living room 1;F_kitchen_2 & p_bottle_3 & G!living_room_1;['p_bottle_3', 'kitchen_2', 'living_room_1']
Take a picture of statue 6 after reaching it, and make sure you stay within park 5;F_photo & statue_6 & G park_5;['photo', 'statue_6', 'park_5']
Go to statue 6, take its photograph, and ensure you continuously stay in park 5;F_photo & statue_6 & G park_5;['photo', 'statue_6', 'park_5']
Eventually visit statue 6 and take a picture of it while remaining in park 5;F_photo & statue_6 & G park_5;['photo', 'statue_6', 'park_5']
Go to statue 6 and take a picture of it while you stay in park 5;F_photo & statue_6 & G park_5;['photo', 'statue_6', 'park_5']
Ensure you go to statue 6 and capture a photo of it while you stay in park 5;F_photo & statue_6 & G park_5;['photo', 'statue_6', 'park_5']
Find your way to house 5 and stay there;FG house_5;['house_5']
Go to intersection 5 and stay there;FG intersection_5;['intersection_5']
Ensure you go to intersection 5 and remain in that location forever;FG intersection_5;['intersection_5']
Go to park 8 and never leave;FG park_8;['park_8']
Reach house 5 and stay permanently in that location;FG house_5;['house_5']
Go to park 8 and stay there;FG park_8;['park_8']
Find your way to hotel 3 and remain there forever;FG hotel_3;['hotel_3']
Reach parking lot 5 and ensure you do not leave it.;FG parking_lot_5;['parking_lot_5']
Go to street 2 and stay there;FG street_2;['street_2']
Go to intersection 4 and never leave;FG intersection_4;['intersection_4']
Find and stay at house 5 without leaving;FG house_5;['house_5']
Reach hotel 3 and remain there indefinitely;FG hotel_3;['hotel_3']
Stay in building 3, but only after reaching garage 3 first.;FG building_3 &_!building_3 U garage_3;['building_3', 'garage_3']
Remain in building 9 permanently, but avoid entering building 9 until you reach street 6;FG building_9 &_!building_9 U street_6;['street_6', 'building_9']
Eventually go to building 9 and remain there permanently, but do not enter building 9 until you have first reached street 6;FG building_9 &_!building_9 U street_6;['street_6', 'building_9']
Go to building 3 and stay there but do not go there until you reach garage 3;FG building_3 &_!building_3 U garage_3;['building_3', 'garage_3']
Eventually go to building 9 and stay there permanently, but do not enter building 9 before reaching street 6;FG building_9 &_!building_9 U street_6;['street_6', 'building_9']
Go to building 9 and stay there, but do not go to building 9 until you reach street 6;FG building_9 &_!building_9 U street_6;['street_6', 'building_9']
Eventually go to building 3 and remain there permanently, but avoid entering building 3 until you have first reached garage 3;FG building_3 &_!building_3 U garage_3;['building_3', 'garage_3']
Eventually go to building 9 and remain there permanently, but do not enter building 9 before reaching street 6;FG building_9 &_!building_9 U street_6;['street_6', 'building_9']
Go and reach park 5;F park_5;['park_5']
Ensure you visit park 5;F park_5;['park_5']
Go to park 5;F park_5;['park_5']
Eventually go to park 5;F park_5;['park_5']
Find your way to park 5;F park_5;['park_5']
Go to section 3, but avoid entering hall 5;F section_3 & G!hall_5;['section_3', 'hall_5']
Go to parking lot 2, but never putting anything down;F parking_lot_2 & G!pd;['pd', 'parking_lot_2']
Eventually reach section 3, ensuring you continuously stay away from hall 5;F section_3 & G!hall_5;['section_3', 'hall_5']
Go to section 3 at some point, but make sure you never enter hall 5;F section_3 & G!hall_5;['section_3', 'hall_5']
Visit street 5 while ensuring you never enter parking lot 2;F street_5 & G!parking_lot_2;['street_5', 'parking_lot_2']
Eventually go to street 5 and never entering parking lot 2;F street_5 & G!parking_lot_2;['street_5', 'parking_lot_2']
Eventually visit section 3 while refraining from entering hall 5 at any time;F section_3 & G!hall_5;['section_3', 'hall_5']
Eventually go to parking lot 2, while ensuring that the delivery process (pd) never occurs;F parking_lot_2 & G!pd;['pd', 'parking_lot_2']
Reach parking lot 2 while avoiding the action of putting items down;F parking_lot_2 & G!pd;['pd', 'parking_lot_2']
Ensure you eventually go to section 3 while avoiding hall 5 at all times;F section_3 & G!hall_5;['section_3', 'hall_5']
Reach street 5 without going through parking lot 2;F street_5 & G!parking_lot_2;['street_5', 'parking_lot_2']
Go to street 5 but avoid parking lot 2;F street_5 & G!parking_lot_2;['street_5', 'parking_lot_2']
Always refrain from visiting hall 1 for the purpose of picking up file 6 at all times;G!_hall_1 & p_file_6;['hall_1', 'p_file_6']
Never go to house 4 to pick up bottle 2;G!_house_4 & p_bottle_2;['house_4', 'p_bottle_2']
Always avoid: go to house 4 and pick up bottle 2 at any time;G!_house_4 & p_bottle_2;['house_4', 'p_bottle_2']
Never go to hall 1 to pick up file 6;G!_hall_1 & p_file_6;['hall_1', 'p_file_6']
Always avoid going to hall 1 to pick up file 6;G!_hall_1 & p_file_6;['hall_1', 'p_file_6']
Never go to hall 1 to collect file 6 under any conditions;G!_hall_1 & p_file_6;['hall_1', 'p_file_6']
Never ever pick up bottle 2 from house 4;G!_house_4 & p_bottle_2;['house_4', 'p_bottle_2']
Never go to hall 1 to collect file 6 under any circumstances;G!_hall_1 & p_file_6;['hall_1', 'p_file_6']
Avoid visiting house 4 for the purpose of picking up bottle 2;G!_house_4 & p_bottle_2;['house_4', 'p_bottle_2']
Always avoid entering house 4 and getting bottle 2;G!_house_4 & p_bottle_2;['house_4', 'p_bottle_2']
Avoid picking up both cone 1 and cone 2 indefinitely;G!_p_cone_1 | p_cone_2;['p_cone_2', 'p_cone_1']
Ensure you never pick up either cone 1 or cone 2;G!_p_cone_1 | p_cone_2;['p_cone_2', 'p_cone_1']
Stay out of both street 3 and street 4 permanently;G!_street_3 | street_4;['street_4', 'street_3']
Never pick up cones 1 or 2;G!_p_cone_1 | p_cone_2;['p_cone_2', 'p_cone_1']
Do not pick up cone 1 or cone 2 at any time;G!_p_cone_1 | p_cone_2;['p_cone_2', 'p_cone_1']
Do not visit either street 3 or street 4 at any point;G!_street_3 | street_4;['street_4', 'street_3']
Ensure that streets 3 and 4 are never entered at any time;G!_street_3 | street_4;['street_4', 'street_3']
Make sure you never retrieve cone 1 or cone 2;G!_p_cone_1 | p_cone_2;['p_cone_2', 'p_cone_1']
Never enter streets 3 and 4;G!_street_3 | street_4;['street_4', 'street_3']
Avoid going to streets 3 and 4 indefinitely;G!_street_3 | street_4;['street_4', 'street_3']
Stay out of house 3 indefinitely;G!house_3;['house_3']
Always avoid picking up package 5;G!p_package_5;['p_package_5']
Never touch letter 8;G!p_letter_8;['p_letter_8']
Avoid entering house 4 indefinitely;G!house_4;['house_4']
Avoid entering street 3 at all times;G!street_3;['street_3']
Do not enter house 1 under any circumstances;G!house_1;['house_1']
Never pick up crate 8;G!p_crate_8;['p_crate_8']
Ensure you never go into house 4 at any time;G!house_4;['house_4']
Always avoid entering park 2;G!park_2;['park_2']
Stay away from street 3 indefinitely;G!street_3;['street_3']
Avoid entering house 3 at all times;G!house_3;['house_3']
Avoid picking up box 3;G!p_box_3;['p_box_3']
Ensure you do not enter street 4 while delivering package 8 from store 7 to house 2;G!street_4 & F(store_7 & F(p_package_8 & F_house_2 & pd));['pd', 'street_4', 'house_2', 'p_package_8', 'store_7']
Do not go to street 7 while collecting package 3 from store 9 and delivering it to house 1;G!street_7 & F(store_9 & F(p_package_3 & F_house_1 & pd));['pd', 'store_9', 'house_1', 'p_package_3', 'street_7']
Always avoid going to street 7 while transporting package 3 from store 9 to house 1;G!street_7 & F(store_9 & F(p_package_3 & F_house_1 & pd));['pd', 'store_9', 'house_1', 'p_package_3', 'street_7']
Avoid street 4 as you transport package 8 from store 7 to house 2;G!street_4 & F(store_7 & F(p_package_8 & F_house_2 & pd));['pd', 'street_4', 'house_2', 'p_package_8', 'store_7']
While staying out of street 4, pickup package 8 from store 7 and deliver it to house 2;G!street_4 & F(store_7 & F(p_package_8 & F_house_2 & pd));['pd', 'street_4', 'house_2', 'p_package_8', 'store_7']
Do not go to street 7 while you take package 3 from store 9 to house 1;G!street_7 & F(store_9 & F(p_package_3 & F_house_1 & pd));['pd', 'store_9', 'house_1', 'p_package_3', 'street_7']
Refrain from visiting street 7 while delivering package 3 from store 9 to house 1;G!street_7 & F(store_9 & F(p_package_3 & F_house_1 & pd));['pd', 'store_9', 'house_1', 'p_package_3', 'street_7']
Deliver package 8 from store 7 to house 2 without entering street 4;G!street_4 & F(store_7 & F(p_package_8 & F_house_2 & pd));['pd', 'street_4', 'house_2', 'p_package_8', 'store_7']
Ensure you do not enter street 7 as you move package 3 from store 9 to house 1;G!street_7 & F(store_9 & F(p_package_3 & F_house_1 & pd));['pd', 'store_9', 'house_1', 'p_package_3', 'street_7']
Avoid going to street 4 as you deliver package 8 from store 7 to house 2;G!street_4 & F(store_7 & F(p_package_8 & F_house_2 & pd));['pd', 'street_4', 'house_2', 'p_package_8', 'store_7']
Avoid entering park 3 as you pick up cone 2 from police station 1 and deliver it to intersection 2.;G!park_3 & F(p_cone_2 & police_station_1 & F_intersection_2 & pd);['pd', 'park_3', 'p_cone_2', 'police_station_1', 'intersection_2']
Never enter park 3, and ensure that you eventually go to police station 1 and pick up cone 2 and then deliver it to intersection 2;G!park_3 & F(p_cone_2 & police_station_1 & F_intersection_2 & pd);['pd', 'park_3', 'p_cone_2', 'police_station_1', 'intersection_2']
While never entering park 3, Pick up cone 2 from police station 1 and place it in intersection 2.;G!park_3 & F(p_cone_2 & police_station_1 & F_intersection_2 & pd);['pd', 'park_3', 'p_cone_2', 'police_station_1', 'intersection_2']
Ensure you never enter park 3 while retrieving cone 2 from police station 1 and placing it in intersection 2.;G!park_3 & F(p_cone_2 & police_station_1 & F_intersection_2 & pd);['pd', 'park_3', 'p_cone_2', 'police_station_1', 'intersection_2']
Never go to street 5 as you pick up box 4 from house 2;G!street_5 & F_house_2 & p_box_4;['street_5', 'house_2', 'p_box_4']
Refrain from visiting street 5 while retrieving box 4 from house 2;G!street_5 & F_house_2 & p_box_4;['street_5', 'house_2', 'p_box_4']
Never go to parking lot 5 as you capture a photo of car 3;G!parking_lot_5 & F_car_3 & photo;['photo', 'parking_lot_5', 'car_3']
Do not visit building 2 while making sure to retrieve letter 5 from office 6;G!building_2 & F_office_6 & p_letter_5;['office_6', 'building_2', 'p_letter_5']
Ensure you avoid entering parking lot 5 while taking a picture of car 3;G!parking_lot_5 & F_car_3 & photo;['photo', 'parking_lot_5', 'car_3']
Never enter street 5, and ensure that you eventually go to house 2 and pick up box 4;G!street_5 & F_house_2 & p_box_4;['street_5', 'house_2', 'p_box_4']
Never enter street 5, and eventually go to house 2 and pick up box 4;G!street_5 & F_house_2 & p_box_4;['street_5', 'house_2', 'p_box_4']
Always avoid going to building 2 while ensuring you pick up letter 5 from office 6;G!building_2 & F_office_6 & p_letter_5;['office_6', 'building_2', 'p_letter_5']
Stay away from street 6 at all times and also take a picture of car 1;G!street_6 & F_car_1 & photo;['photo', 'street_6', 'car_1']
Avoid entering park 3 while completing the task of taking a picture of monument 3;G!park_3 & F_monument_3 & photo;['photo', 'monument_3', 'park_3']
Never enter street 6, and eventually take a picture of car 1;G!street_6 & F_car_1 & photo;['photo', 'street_6', 'car_1']
Ensure you avoid park 3 while capturing a picture of monument 3;G!park_3 & F_monument_3 & photo;['photo', 'monument_3', 'park_3']
Never enter parking lot 8 as you reach street 5;G!parking_lot_8 & F street_5;['street_5', 'parking_lot_8']
Do not go to street 3 as you go to building 4;G!street_3 & F building_4;['street_3', 'building_4']
Avoid entering parking lot 8 as you go to street 5;G!parking_lot_8 & F street_5;['street_5', 'parking_lot_8']
Avoid entering street 3 while ensuring you reach building 4;G!street_3 & F building_4;['street_3', 'building_4']
Go to building 4 without ever visiting street 3;G!street_3 & F building_4;['street_3', 'building_4']
Ensure parking lot 8 is not visited while traveling to street 5;G!parking_lot_8 & F street_5;['street_5', 'parking_lot_8']
Never enter street 3, and ensure that you eventually go to building 4;G!street_3 & F building_4;['street_3', 'building_4']
Never pass through parking lot 8 on your way to street 5;G!parking_lot_8 & F street_5;['street_5', 'parking_lot_8']
Avoid accessing parking lot 8 en route to street 5;G!parking_lot_8 & F street_5;['street_5', 'parking_lot_8']
Ensure you never go to street 3 while traveling to building 4;G!street_3 & F building_4;['street_3', 'building_4']
Ensure you never enter parking lot 5 while consistently capturing photos of car 9;G!parking_lot_5 & GF_car_9 & photo;['photo', 'parking_lot_5', 'car_9']
Continuously avoid parking lot 5 while repeatedly taking pictures of car 9;G!parking_lot_5 & GF_car_9 & photo;['photo', 'parking_lot_5', 'car_9']
Never going to parking lot 5 as you keep photographing car 9;G!parking_lot_5 & GF_car_9 & photo;['photo', 'parking_lot_5', 'car_9']
Always stay away from parking lot 5 while persistently taking pictures of car 9;G!parking_lot_5 & GF_car_9 & photo;['photo', 'parking_lot_5', 'car_9']
Avoid parking lot 5 as you keep taking pictures of car 9;G!parking_lot_5 & GF_car_9 & photo;['photo', 'parking_lot_5', 'car_9']
Keep taking crate 1 from storage 4 to office 2;GF(storage_4 & F(p_crate_1 & F_office_2 & pd));['pd', 'office_2', 'storage_4', 'p_crate_1']
Keep taking crate 3 from warehouse 4 to mall 3;GF(warehouse_4 & F(p_crate_3 & F_mall_3 & pd));['pd', 'warehouse_4', 'p_crate_3', 'mall_3']
Continuously transport box 2 from store 4 to hall 8;GF(store_4 & F(p_box_2 & F_hall_8 & pd));['pd', 'store_4', 'p_box_2', 'hall_8']
Keep retrieving crate 8 from mall 5 and taking it to office 6 repeatedly;GF(mall_5 & F(p_crate_8 & F_office_6 & pd));['pd', 'mall_5', 'p_crate_8', 'office_6']
Ensure you keep moving box 2 from store 4 to hall 8;GF(store_4 & F(p_box_2 & F_hall_8 & pd));['pd', 'store_4', 'p_box_2', 'hall_8']
Continuously transport crate 6 to building 5 after picking it up from store 2;GF(store_2 & F(p_crate_6 & F_building_5 & pd));['pd', 'store_2', 'building_5', 'p_crate_6']
Repeatedly take crate 6 from store 2 and deliver it to building 5;GF(store_2 & F(p_crate_6 & F_building_5 & pd));['pd', 'store_2', 'building_5', 'p_crate_6']
Keep taking crate 6 to building 5 after picking it up from store 2;GF(store_2 & F(p_crate_6 & F_building_5 & pd));['pd', 'store_2', 'building_5', 'p_crate_6']
Ensure you keep moving crate 3 from warehouse 4 to mall 3 over time;GF(warehouse_4 & F(p_crate_3 & F_mall_3 & pd));['pd', 'warehouse_4', 'p_crate_3', 'mall_3']
Ensure you keep taking crate 1 from storage 4 to office 2 repeatedly;GF(storage_4 & F(p_crate_1 & F_office_2 & pd));['pd', 'office_2', 'storage_4', 'p_crate_1']
Continuously transport crate 1 from storage 4 to office 2;GF(storage_4 & F(p_crate_1 & F_office_2 & pd));['pd', 'office_2', 'storage_4', 'p_crate_1']
Keep retrieving crate 6 from store 2 and moving it to building 5;GF(store_2 & F(p_crate_6 & F_building_5 & pd));['pd', 'store_2', 'building_5', 'p_crate_6']
Repeatedly take brochure 8 from table 2 to street 9 while consistently visiting charger 6;GF(table_2 & F(p_brochure_8 & F_pd & street_9)) & GF charger_6;['pd', 'table_2', 'p_brochure_8', 'street_9', 'charger_6']
Continuously transport crate 8 from warehouse 4 to store 8 while repeatedly visiting charger 2;GF(warehouse_4 & F(p_crate_8 & F_pd & store_8)) & GF charger_2;['pd', 'store_8', 'p_crate_8', 'warehouse_4', 'charger_2']
Continuously deliver package 5 from warehouse 1 to store 5 while repeatedly going to charging station 5;GF(warehouse_1 & F(p_package_5 & F_pd & store_5)) & GF charging_station_5;['pd', 'p_package_5', 'store_5', 'charging_station_5', 'warehouse_1']
Repeatedly move crate 8 from warehouse 4 to store 8 while making regular visits to charger 2;GF(warehouse_4 & F(p_crate_8 & F_pd & store_8)) & GF charger_2;['pd', 'store_8', 'p_crate_8', 'warehouse_4', 'charger_2']
Keep taking crate 4 from warehouse 3 to store 9 while also periodically visiting charger 3;GF(warehouse_3 & F(p_crate_4 & F_pd & store_9)) & GF charger_3;['warehouse_3', 'p_crate_4', 'pd', 'store_9', 'charger_3']
Ensure you keep delivering crate 8 from warehouse 4 to store 8 and periodically visit charger 2;GF(warehouse_4 & F(p_crate_8 & F_pd & store_8)) & GF charger_2;['pd', 'store_8', 'p_crate_8', 'warehouse_4', 'charger_2']
Keep taking crate 8 from warehouse 4 to store 8 while ensuring you frequently visit charger 2;GF(warehouse_4 & F(p_crate_8 & F_pd & store_8)) & GF charger_2;['pd', 'store_8', 'p_crate_8', 'warehouse_4', 'charger_2']
Keep taking crate 8 from warehouse 4 to store 8 and also keep visiting charger 2;GF(warehouse_4 & F(p_crate_8 & F_pd & store_8)) & GF charger_2;['pd', 'store_8', 'p_crate_8', 'warehouse_4', 'charger_2']
Ensure you repeatedly transport crate 4 from warehouse 3 to store 9, and also periodically visit charger 3;GF(warehouse_3 & F(p_crate_4 & F_pd & store_9)) & GF charger_3;['warehouse_3', 'p_crate_4', 'pd', 'store_9', 'charger_3']
Repeatedly transport brochure 8 from table 2 to street 9 while repeatedly visiting charger 6;GF(table_2 & F(p_brochure_8 & F_pd & street_9)) & GF charger_6;['pd', 'table_2', 'p_brochure_8', 'street_9', 'charger_6']
Persistently transfer brochure 8 from table 2 to street 9 while also continuously returning to charger 6;GF(table_2 & F(p_brochure_8 & F_pd & street_9)) & GF charger_6;['pd', 'table_2', 'p_brochure_8', 'street_9', 'charger_6']
Ensure you repeatedly move crate 4 from warehouse 3 to store 9, and also periodically revisit charger 3;GF(warehouse_3 & F(p_crate_4 & F_pd & store_9)) & GF charger_3;['warehouse_3', 'p_crate_4', 'pd', 'store_9', 'charger_3']
Ensure you repeatedly capture photos of street 3;GF_photo & street_3;['photo', 'street_3']
Continuously take pictures of street 3;GF_photo & street_3;['photo', 'street_3']
Periodically visit house 2 and pick up trash can 4 each time;GF_house_2 & p_trash_can_4;['house_2', 'p_trash_can_4']
Ensure you repeatedly take a picture of intersection 4 over time;GF_intersection_4 & photo;['photo', 'intersection_4']
Continuously go to house 2 and pick up trash can 4;GF_house_2 & p_trash_can_4;['house_2', 'p_trash_can_4']
Ensure you repeatedly ccapture images of landmark 21;GF_landmark_21 & photo;['photo', 'landmark_21']
Keep capturing images of intersection 4 periodically;GF_intersection_4 & photo;['photo', 'intersection_4']
Ensure you take a picture of intersection 4 repeatedly over time;GF_intersection_4 & photo;['photo', 'intersection_4']
Continuously visit area 2 and take a picture each time;GF_area_2 & photo;['photo', 'area_2']
Keep photographing street 3 at regular intervals;GF_photo & street_3;['photo', 'street_3']
Keep returning to house 2 to collect trash can 4;GF_house_2 & p_trash_can_4;['house_2', 'p_trash_can_4']
Continuously take pictures of intersection 4 at regular intervals;GF_intersection_4 & photo;['photo', 'intersection_4']
Continuously take pictures of monument 8, but avoid going to monument 8 until you arrive at park 4;GF_monument_8 & photo&_!monument_8 U park_4;['photo', 'park_4', 'monument_8']
Keep taking a picture of monument 8 but do not go to monument 8 until you reach park 4;GF_monument_8 & photo&_!monument_8 U park_4;['photo', 'park_4', 'monument_8']
Repeatedly capture photos of monument 8, but refrain from entering monument 8 until you get to park 4;GF_monument_8 & photo&_!monument_8 U park_4;['photo', 'park_4', 'monument_8']
Ensure you keep taking pictures of monument 8 while avoiding going to monument 8 until you have reached park 4;GF_monument_8 & photo&_!monument_8 U park_4;['photo', 'park_4', 'monument_8']
Keep photographing monument 8 while ensuring you do not visit monument 8 before reaching park 4;GF_monument_8 & photo&_!monument_8 U park_4;['photo', 'park_4', 'monument_8']
Keep taking images of locality 7, while you never go to park 3;GF_locality_7 & photo & G!park_3;['photo', 'locality_7', 'park_3']
Keep taking pictures of car 1 but never enter parking lot 9;GF_car_1 & photo & G!parking_lot_9;['photo', 'car_1', 'parking_lot_9']
Repeatedly photograph locality 7 while staying away from park 3 entirely;GF_locality_7 & photo & G!park_3;['photo', 'locality_7', 'park_3']
Continuously photographing car 1, ensuring you never go to parking lot 9;GF_car_1 & photo & G!parking_lot_9;['photo', 'car_1', 'parking_lot_9']
Ensure you keep taking images of locality 7 and never enter park 3;GF_locality_7 & photo & G!park_3;['photo', 'locality_7', 'park_3']
Ensure you persistently take pictures of car 1 while refraining from visiting parking lot 9 at all times;GF_car_1 & photo & G!parking_lot_9;['photo', 'car_1', 'parking_lot_9']
Keep capturing images of locality 7, and avoid going to park 3 at all times;GF_locality_7 & photo & G!park_3;['photo', 'locality_7', 'park_3']
Keep photographing car 1, ensuring you never enter parking lot 9;GF_car_1 & photo & G!parking_lot_9;['photo', 'car_1', 'parking_lot_9']
Keep take pictures of car 1 while refraining from visiting parking lot 9;GF_car_1 & photo & G!parking_lot_9;['photo', 'car_1', 'parking_lot_9']
Continuously take pictures of locality 7 while ensuring you never visit park 3;GF_locality_7 & photo & G!park_3;['photo', 'locality_7', 'park_3']
Keep taking a picture of area 9 while you also periodically take ordnance 3 from camp 4 to camp 9;GF_area_9 & photo & GF(camp_4 & F(p_ordnance_3 & F_camp_9 & pd));['pd', 'photo', 'area_9', 'camp_4', 'p_ordnance_3', 'camp_9']
Keep capturing photos of area 9 while you also periodically taking ordnance 3 from camp 4 to camp 9;GF_area_9 & photo & GF(camp_4 & F(p_ordnance_3 & F_camp_9 & pd));['pd', 'photo', 'area_9', 'camp_4', 'p_ordnance_3', 'camp_9']
Ensure you repeatedly photograph area 9 while regularly moving ordnance 3 from camp 4 to camp 9;GF_area_9 & photo & GF(camp_4 & F(p_ordnance_3 & F_camp_9 & pd));['pd', 'photo', 'area_9', 'camp_4', 'p_ordnance_3', 'camp_9']
Continuously take pictures of area 9 while periodically transporting ordnance 3 from camp 4 to camp 9;GF_area_9 & photo & GF(camp_4 & F(p_ordnance_3 & F_camp_9 & pd));['pd', 'photo', 'area_9', 'camp_4', 'p_ordnance_3', 'camp_9']
Persistently take pictures of area 9 while periodically delivering ordnance 3 from camp 4 to camp 9;GF_area_9 & photo & GF(camp_4 & F(p_ordnance_3 & F_camp_9 & pd));['pd', 'photo', 'area_9', 'camp_4', 'p_ordnance_3', 'camp_9']
Persistently taking a picture of area 4 and also take a photo of area 3 constantly;GF_area_4 & photo& GF_area_3 & photo;['area_3', 'photo', 'area_4']
Keep photographing area 4 at all times and periodically take pictures of area 3;GF_area_4 & photo& GF_area_3 & photo;['area_3', 'photo', 'area_4']
Ensure you keep photographing area 4 and regularly take pictures of area 3;GF_area_4 & photo& GF_area_3 & photo;['area_3', 'photo', 'area_4']
Keep taking a picture of area 4 and also take a picture of area 3 periodically;GF_area_4 & photo& GF_area_3 & photo;['area_3', 'photo', 'area_4']
Persistently take pictures of area 4 while repeatedly capturing images of area 3;GF_area_4 & photo& GF_area_3 & photo;['area_3', 'photo', 'area_4']
Keep taking a picture of area 51 while you also keep visiting charger 4;GF_area_51 & photo & GF charger_4;['photo', 'charger_4', 'area_51']
Continuously take pictures of building 5 while repeatedly visiting charger 4;GF_building_5 & photo & GF charger_4;['photo', 'building_5', 'charger_4']
Continuously take a picture of area 51 while also repeatedly visiting charger 4;GF_area_51 & photo & GF charger_4;['photo', 'charger_4', 'area_51']
Persistently photograph building 5 while maintaining consistent visits to charger 4;GF_building_5 & photo & GF charger_4;['photo', 'building_5', 'charger_4']
Repeatedly take pictures of building 5 while also continuously returning to charger 4;GF_building_5 & photo & GF charger_4;['photo', 'building_5', 'charger_4']
Repeatedly photograph area 51 while ensuring you also return to charger 4 regularly;GF_area_51 & photo & GF charger_4;['photo', 'charger_4', 'area_51']
Keep photographing statue 4 while ensuring you also keep revisiting charger 4;GF_photo & statue_4 & GF charger_4;['photo', 'charger_4', 'statue_4']
Repeatedly capture photos of statue 4 while persistently returning to charger 4;GF_photo & statue_4 & GF charger_4;['photo', 'charger_4', 'statue_4']
Persistently take pictures of area 51 while maintaining regular visits to charger 4;GF_area_51 & photo & GF charger_4;['photo', 'charger_4', 'area_51']
Keep capturing photos of statue 4 and also keep returning to charger 4;GF_photo & statue_4 & GF charger_4;['photo', 'charger_4', 'statue_4']
Keep taking a picture of building 5 while you also keep visiting charger 4;GF_building_5 & photo & GF charger_4;['photo', 'building_5', 'charger_4']
Ensure you continuously take pictures of statue 4 while regularly visiting charger 4;GF_photo & statue_4 & GF charger_4;['photo', 'charger_4', 'statue_4']
Ensure area 5 is visited repeatedly over time;GF area_5;['area_5']
Keep going back to street 4 repeatedly;GF street_4;['street_4']
Always eventually remain at building 5;GF building_5;['building_5']
Continuously return to street 5 over time.;GF street_5;['street_5']
Ensure you keep returning to street 4 periodically;GF street_4;['street_4']
Keep returning to building 5 periodically;GF building_5;['building_5']
Keep visiting street 5;GF street_5;['street_5']
Keep visiting street 4;GF street_4;['street_4']
Ensure building 5 is visited repeatedly over time;GF building_5;['building_5']
Keep returning to area 5 periodically;GF area_5;['area_5']
Ensure you keep going to street 5 at regular intervals;GF street_5;['street_5']
Ensure you repeatedly visit area 5 over time;GF area_5;['area_5']
Keep visiting charger 2 and take plate 4 from table 2 to table 4;GF charger_2 & F(table_2 & F(p_plate_4 & F_pd & table_4));['pd', 'table_4', 'table_2', 'charger_2', 'p_plate_4']
Make sure to visit charger 1 repeatedly as you deliver box 4 from house 4 to house 9;GF charger_1 & F(house_4 & F(box_4 & F_house_9 & pd));['pd', 'house_4', 'house_9', 'charger_1', 'box_4']
Always eventually visit parking lot 4, and ensure that you eventually go to car 5, pick up document 4, and then go to car 6 and deliver it;GF parking_lot_4 & F(car_5 & F(p_document_4 & F_car_6 & pd));['pd', 'parking_lot_4', 'car_5', 'p_document_4', 'car_6']
Keep visiting charger 1 while transporting box 4 from house 4 to house 9;GF charger_1 & F(house_4 & F(box_4 & F_house_9 & pd));['pd', 'house_4', 'house_9', 'charger_1', 'box_4']
Ensure you visit charger 2 regularly as you continue delivering plate 4 from table 2 to table 4;GF charger_2 & F(table_2 & F(p_plate_4 & F_pd & table_4));['pd', 'table_4', 'table_2', 'charger_2', 'p_plate_4']
Always eventually visit charger 1, and eventually (you go to house 4 and eventually pick up box 4 and then go to house 9 and put down);GF charger_1 & F(house_4 & F(p_box_4 & F_house_9 & pd));['pd', 'house_4', 'house_9', 'p_box_4', 'charger_1']
Keep visiting charger 1 as you take box 4 from house 4 to house 9;GF charger_1 & F(house_4 & F(box_4 & F_house_9 & pd));['pd', 'house_4', 'house_9', 'charger_1', 'box_4']
Keep returing to charger 2 while transporting plate 4 from table 2 to table 4;GF charger_2 & F(table_2 & F(p_plate_4 & F_pd & table_4));['pd', 'table_4', 'table_2', 'charger_2', 'p_plate_4']
Continuously visit parking lot 4 while delivering document 4 from car 5 to car 6;GF parking_lot_4 & F(car_5 & F(p_document_4 & F_car_6 & pd));['pd', 'parking_lot_4', 'car_5', 'p_document_4', 'car_6']
Visit parking lot 4 repeatedly while moving document 4 from car 5 to car 6;GF parking_lot_4 & F(car_5 & F(p_document_4 & F_car_6 & pd));['pd', 'parking_lot_4', 'car_5', 'p_document_4', 'car_6']
Keep visiting parking lot 4 as you take document 4 from car 5 to car 6;GF parking_lot_4 & F(car_5 & F(p_document_4 & F_car_6 & pd));['pd', 'parking_lot_4', 'car_5', 'p_document_4', 'car_6']
Ensure you keep returning to parking lot 4 as you move document 4 from car 5 to car 6;GF parking_lot_4 & F(car_5 & F(p_document_4 & F_car_6 & pd));['pd', 'parking_lot_4', 'car_5', 'p_document_4', 'car_6']
Ensure you repeatedly return to intersection 4 while eventually reaching locality 9;GF intersection_4 & F locality_9;['intersection_4', 'locality_9']
Keep visiting intersection 4 as you go to locality 9;GF intersection_4 & F locality_9;['intersection_4', 'locality_9']
Keep visiting car 3 on your way to building 2;GF car_3 & F building_2;['car_3', 'building_2']
Keep returning to car 3 as you work your way to building 2;GF car_3 & F building_2;['car_3', 'building_2']
Continuously revisit intersection 4 while ensuring you eventually go to locality 9;GF intersection_4 & F locality_9;['intersection_4', 'locality_9']
Keep revisiting car 3 on your path to eventually reaching building 2;GF car_3 & F building_2;['car_3', 'building_2']
Persistently visit intersection 4 and make sure you go to locality 9 at some point;GF intersection_4 & F locality_9;['intersection_4', 'locality_9']
Periodically visit car 3 while ensuring you eventually go to building 2;GF car_3 & F building_2;['car_3', 'building_2']
Keep visiting intersection 4 as you proceed to locality 9;GF intersection_4 & F locality_9;['intersection_4', 'locality_9']
Ensure you visit car 3 repeatedly while making progress toward building 2;GF car_3 & F building_2;['car_3', 'building_2']
Keep returning to charging station 9 as you keep transporting crate 4 from warehouse 5 to mall 4;GF charging_station_9 & GF(warehouse_5 & F(p_crate_4 & F_mall_4 & pd));['p_crate_4', 'pd', 'warehouse_5', 'charging_station_9', 'mall_4']
Persistently return to charger 12 while regularly delivering box 1 from house 5 to house 23;GF charger_12 & GF(house_5 & F(p_box_1 & F_house_23 & pd));['pd', 'house_5', 'p_box_1', 'charger_12', 'house_23']
Ensure that you keep visiting charger 9 and keep moving crate 2 from warehouse 8 to store 2;GF charger_9 & GF(warehouse_8 & F(p_crate_2 & F_pd & store_2));['pd', 'charger_9', 'warehouse_8', 'p_crate_2', 'store_2']
Keep going to charger 12 while you keep taking box 1 from house 5 to house 23 periodically;GF charger_12 & GF(house_5 & F(p_box_1 & F_house_23 & pd));['pd', 'house_5', 'p_box_1', 'charger_12', 'house_23']
Always eventually return to charging station 9 while regularly taking crate 4 from warehouse 5 to mall 4;GF charging_station_9 & GF(warehouse_5 & F(p_crate_4 & F_mall_4 & pd));['p_crate_4', 'pd', 'warehouse_5', 'charging_station_9', 'mall_4']
Ensure you keep revisiting charging station 9 as you repeatedly move crate 4 from warehouse 5 to mall 4;GF charging_station_9 & GF(warehouse_5 & F(p_crate_4 & F_mall_4 & pd));['p_crate_4', 'pd', 'warehouse_5', 'charging_station_9', 'mall_4']
Keep visiting charging station 5 and keep taking package 5 from warehouse 1 to store 5;GF charging_station_5 & GF(warehouse_1 & F(p_package_5 & F_pd & store_5));['pd', 'p_package_5', 'store_5', 'charging_station_5', 'warehouse_1']
Keep visiting charger 9 as you keep taking crate 2 from warehouse 8 to store 2;GF charger_9 & GF(warehouse_8 & F(p_crate_2 & F_pd & store_2));['pd', 'charger_9', 'warehouse_8', 'p_crate_2', 'store_2']
Keep visiting charging station 9 as you keep taking crate 4 from warehouse 5 to mall 4;GF charging_station_9 & GF(warehouse_5 & F(p_crate_4 & F_mall_4 & pd));['p_crate_4', 'pd', 'warehouse_5', 'charging_station_9', 'mall_4']
Continuously cycle back to charger 9 while repeatedly transferring crate 2 from warehouse 8 to store 2;GF charger_9 & GF(warehouse_8 & F(p_crate_2 & F_pd & store_2));['pd', 'charger_9', 'warehouse_8', 'p_crate_2', 'store_2']
Ensure you visit charging station 5 regularly while continuously moving package 5 from warehouse1 to store 5;GF charging_station_5 & GF(warehouse_1 & F(p_package_5 & F_pd & store_5));['pd', 'p_package_5', 'store_5', 'charging_station_5', 'warehouse_1']
Keep going to charger 12 while you consistently take box 1 from house 5 to house 23;GF charger_12 & GF(house_5 & F(p_box_1 & F_house_23 & pd));['pd', 'house_5', 'p_box_1', 'charger_12', 'house_23']
Persistently return to charger 6 while repeatedly retrieving brochure 4 from table 4;GF charger_6 & GF_p_brochure_4 & table_4;['table_4', 'charger_6', 'p_brochure_4']
Keep returning to charger 5 as you repeatedly take a picture of region 4;GF charger_5 & GF_photo & region_4;['photo', 'charger_5', 'region_4']
Ensure you continuously visit charger 6 and repeatedly pick up brochure 4 from table 4;GF charger_6 & GF_p_brochure_4 & table_4;['table_4', 'charger_6', 'p_brochure_4']
Persistently return to charger 4 as you keep taking photo of area 5;GF charger_4 & GF_area_5 & photo;['photo', 'area_5', 'charger_4']
Keep visiting charger 4 while repeatedly taking pictures of area 5;GF charger_4 & GF_area_5 & photo;['photo', 'area_5', 'charger_4']
keep revisiting charger 4 as you consistently photograph area 5;GF charger_4 & GF_area_5 & photo;['photo', 'area_5', 'charger_4']
Repeatedly visit charger 3 while repeatedly taking pictures of area 3;GF charger_3 & GF_area_3 & photo;['charger_3', 'area_3', 'photo']
Keep returning to charger 3 as you repeatedly take photos of area 3;GF charger_3 & GF_area_3 & photo;['charger_3', 'area_3', 'photo']
Continuously visit charger 6 while repeatedly picking up brochure 4 from table 4;GF charger_6 & GF_p_brochure_4 & table_4;['table_4', 'charger_6', 'p_brochure_4']
Keep revisiting charger 6 as you regularly collect brochure 4 from table 4;GF charger_6 & GF_p_brochure_4 & table_4;['table_4', 'charger_6', 'p_brochure_4']
Keep visiting charger 3 as you periodically take pictures of area 3;GF charger_3 & GF_area_3 & photo;['charger_3', 'area_3', 'photo']
Ensure you periodically visit charger 5 and repeatedly capture images of region 4;GF charger_5 & GF_photo & region_4;['photo', 'charger_5', 'region_4']
Ensure you always stay in area 5;G area_5;['area_5']
Stay in area 5;G area_5;['area_5']
Ensure you always stay within parking lot 9;G parking_lot_9;['parking_lot_9']
Always stay within the boundaries of area 3;G area_3;['area_3']
Remain in area 3 at all times;G area_3;['area_3']
Staying in parking lot 9 at all times;G parking_lot_9;['parking_lot_9']
Stay in street 8;G street_8;['street_8']
Stay within area 5 continuously;G area_5;['area_5']
Ensure that you always stay within area 3;G area_3;['area_3']
Never leave area 5;G area_5;['area_5']
Stay in area 3;G area_3;['area_3']
Stay in parking lot 9;G parking_lot_9;['parking_lot_9']
Ensure you continuously stay in locality 7 as you move letter 1 from office 4 to house 1;G locality_7 & F(office_4 & F(p_letter_1 & F_house_1 & pd));['pd', 'house_1', 'locality_7', 'office_4', 'p_letter_1']
Ensure you remain in locality 5 while delivering package 5 from office 3 to office 6;G locality_5 & F(office_3 & F(p_package_5 & F_office_6 & pd));['pd', 'office_3', 'p_package_5', 'office_6', 'locality_5']
Always be in locality 5 as you take package 5 from office 3 to office 6;G locality_5 & F(office_3 & F(p_package_5 & F_office_6 & pd));['pd', 'office_3', 'p_package_5', 'office_6', 'locality_5']
Continue staying in locality 2 as you collect document 5 from office 4 and take it to office 9;G locality_2 & F(office_4 & F(p_document_5 & F_office_9 & pd));['pd', 'office_4', 'locality_2', 'p_document_5', 'office_9']
Persistently remain in locality 7 as you collect letter 1 from office 4 and deliver it to house 1;G locality_7 & F(office_4 & F(p_letter_1 & F_house_1 & pd));['pd', 'house_1', 'locality_7', 'office_4', 'p_letter_1']
Stay within locality 7 at all times while taking letter 1 from office 4 to house 1;G locality_7 & F(office_4 & F(p_letter_1 & F_house_1 & pd));['pd', 'house_1', 'locality_7', 'office_4', 'p_letter_1']
Stay in locality 2 as you take document 5 from office 4 to office 9;G locality_2 & F(office_4 & F(p_document_5 & F_office_9 & pd));['pd', 'office_4', 'locality_2', 'p_document_5', 'office_9']
Ensure you stay in locality 2 while transferring document 5 from office 4 to office 9;G locality_2 & F(office_4 & F(p_document_5 & F_office_9 & pd));['pd', 'office_4', 'locality_2', 'p_document_5', 'office_9']
Stay within locality 2 as you pick up document 5 from office 4 and deliver it to office 9;G locality_2 & F(office_4 & F(p_document_5 & F_office_9 & pd));['pd', 'office_4', 'locality_2', 'p_document_5', 'office_9']
Maintain your presence in locality 5 as you retrieve package 5 from office 3 and deliver it to office 6;G locality_5 & F(office_3 & F(p_package_5 & F_office_6 & pd));['pd', 'office_3', 'p_package_5', 'office_6', 'locality_5']
Always remain in locality 7 while transporting letter 1 from office 4 to house 1;G locality_7 & F(office_4 & F(p_letter_1 & F_house_1 & pd));['pd', 'house_1', 'locality_7', 'office_4', 'p_letter_1']
Never leave locality 5 while transporting package 5 from office 3 to office 6;G locality_5 & F(office_3 & F(p_package_5 & F_office_6 & pd));['pd', 'office_3', 'p_package_5', 'office_6', 'locality_5']
Stay in county 4 and keep taking package 4 from office 3 to office 8;G county_4 & GF(office_3 & F(p_package_4 & F_office_8 & pd));['pd', 'p_package_4', 'county_4', 'office_3', 'office_8']
Ensure you remain in county 4 and keep transferring package 4 from office 3 to office 8;G county_4 & GF(office_3 & F(p_package_4 & F_office_8 & pd));['pd', 'p_package_4', 'county_4', 'office_3', 'office_8']
Stay within county 4 while repeatedly taking package 4 from office 3 to office 8;G county_4 & GF(office_3 & F(p_package_4 & F_office_8 & pd));['pd', 'p_package_4', 'county_4', 'office_3', 'office_8']
Remain in county 4 and continuously transport package 4 from office 3 to office 8;G county_4 & GF(office_3 & F(p_package_4 & F_office_8 & pd));['pd', 'p_package_4', 'county_4', 'office_3', 'office_8']
Stay confined to county 4 as you repeatedly deliver package 4 from office 3 to office 8;G county_4 & GF(office_3 & F(p_package_4 & F_office_8 & pd));['pd', 'p_package_4', 'county_4', 'office_3', 'office_8']
Persistently stay in area 2 while regularly going to building 8 to photograph it;G area_2 & GF_building_8 & photo;['photo', 'area_2', 'building_8']
Stay in area 2 as you keep goint to building 8 to take a picture;G area_2 & GF_building_8 & photo;['photo', 'area_2', 'building_8']
Always stay in area 2 while repeatedly going to building 8 to take pictures;G area_2 & GF_building_8 & photo;['photo', 'area_2', 'building_8']
Always remain in street 5 while continuously taking pictures of parking lot 4;G street_5 & GF_parking_lot_4 & photo;['photo', 'street_5', 'parking_lot_4']
Keep staying within street 5 while regularly photographing parking lot 4;G street_5 & GF_parking_lot_4 & photo;['photo', 'street_5', 'parking_lot_4']
Persistently stay within street 5 while regularly photographing parking lot 4;G street_5 & GF_parking_lot_4 & photo;['photo', 'street_5', 'parking_lot_4']
Ensure you stay in street 5 at all times while repeatedly capturing photos of parking lot 4;G street_5 & GF_parking_lot_4 & photo;['photo', 'street_5', 'parking_lot_4']
Ensure you stay within area 2 while repeatedly taking pictures at building 8;G area_2 & GF_building_8 & photo;['photo', 'area_2', 'building_8']
Remain in area 2 as you continuously visit building 8 to capture photos;G area_2 & GF_building_8 & photo;['photo', 'area_2', 'building_8']
Keep taking a picture of parking lot 4 while you always stay in street 5;G street_5 & GF_parking_lot_4 & photo;['photo', 'street_5', 'parking_lot_4']
Remain in building 4 until you deliver folder 3 from room 43 to room 12;building_4 U (room_43 & F(p_folder_3 & F_pd & room_12));['pd', 'building_4', 'room_43', 'p_folder_3', 'room_12']
Continue staying in locality 6 until you retrieve package 3 from store 8 and deliver it to house 5;locality_6 U (store_8 & F(p_package_3 & F_house_5 & pd));['pd', 'locality_6', 'store_8', 'p_package_3', 'house_5']
Stay within building 9 until you collect bottle 3 from room 2 and take it to room 6;building_9 U (room_2 & F(p_bottle_3 & F_pd & room_6));['pd', 'p_bottle_3', 'room_2', 'building_9', 'room_6']
Continue staying in building 9 until you pick up bottle 3 from room 2 and place it in room 6;building_9 U (room_2 & F(p_bottle_3 & F_pd & room_6));['pd', 'p_bottle_3', 'room_2', 'building_9', 'room_6']
Stay within area 5 until you collect package 8 from store 2 and transport it to house 9;area_5 U (store_2 & F(p_package_8 & F_house_9 & pd));['pd', 'area_5', 'store_2', 'p_package_8', 'house_9']
Stay in building 9 until you take bottle 3 from room 2 to room 6;building_9 U (room_2 & F(p_bottle_3 & F_pd & room_6));['pd', 'p_bottle_3', 'room_2', 'building_9', 'room_6']
Remain in building 9 until you pick up bottle 3 from room 2 and deliver it to room 6;building_9 U (room_2 & F(p_bottle_3 & F_pd & room_6));['pd', 'p_bottle_3', 'room_2', 'building_9', 'room_6']
Stay in area 5 before picking up package 8 from store 2 and moving it to house 9;area_5 U (store_2 & F(p_package_8 & F_house_9 & pd));['pd', 'area_5', 'store_2', 'p_package_8', 'house_9']
Remain in area 5 until you take package 8 from store 2 and deliver it to house 9;area_5 U (store_2 & F(p_package_8 & F_house_9 & pd));['pd', 'area_5', 'store_2', 'p_package_8', 'house_9']
Continue staying in area 5 until you retrieve package 8 from store 2 and deliver it to house 9;area_5 U (store_2 & F(p_package_8 & F_house_9 & pd));['pd', 'area_5', 'store_2', 'p_package_8', 'house_9']
Stay in area 5 until you take package 8 from store 2 to house 9;area_5 U (store_2 & F(p_package_8 & F_house_9 & pd));['pd', 'area_5', 'store_2', 'p_package_8', 'house_9']
Stay in building 4 while transportin gfolder 3 from room 43 to room 12;building_4 U (room_43 & F(p_folder_3 & F_pd & room_12));['pd', 'building_4', 'room_43', 'p_folder_3', 'room_12']
Continue staying in park 5 until you photograph monument 2, and then move to intersection 5 and remain there;park_5 U (monument_2 & photo & F_intersection_5 & G intersection_5);['photo', 'park_5', 'intersection_5', 'monument_2']
Remain in park 8 until you take a picture of monument 2 and then go to bench 5 and stay there permanently;park_8 U (monument_2 & photo & F_bench_5 & G bench_5);['park_8', 'photo', 'monument_2', 'bench_5']
Stay in park 8 until you take a picture of monument 2 and then go to bench 5 and stay there;park_8 U (monument_2 & photo & F_bench_5 & G bench_5);['park_8', 'photo', 'monument_2', 'bench_5']
Stay in park 5 until you take a picture of monument 2 and then ensure you go to intersection 5 and stay;park_5 U (monument_2 & photo & F_intersection_5 & G intersection_5);['photo', 'park_5', 'intersection_5', 'monument_2']
Stay in park 5 until you take a picture of monument 2 and afterward proceed to intersection 5 and remain there;park_5 U (monument_2 & photo & F_intersection_5 & G intersection_5);['photo', 'park_5', 'intersection_5', 'monument_2']
Continue staying in park 8 until you take a picture of monument 2, and then go to bench 5 and remain there indefinitely;park_8 U (monument_2 & photo & F_bench_5 & G bench_5);['park_8', 'photo', 'monument_2', 'bench_5']
Remain within park 5 until you capture a photo of monument 2, then proceed to intersection 5 and stay there continuously;park_5 U (monument_2 & photo & F_intersection_5 & G intersection_5);['photo', 'park_5', 'intersection_5', 'monument_2']
You stay at park 8 until you take a photo of monument 2 and then reach bench 5 and stay there forever;park_8 U (monument_2 & photo & F_bench_5 & G bench_5);['park_8', 'photo', 'monument_2', 'bench_5']
Stay in park 8 until you capture a photo of monument 2 and then proceed to bench 5 and remain there;park_8 U (monument_2 & photo & F_bench_5 & G bench_5);['park_8', 'photo', 'monument_2', 'bench_5']
Be in park 5 until you take a picture of monument 2 and then go to intersection 5 and stay there;park_5 U (monument_2 & photo & F_intersection_5 & G intersection_5);['photo', 'park_5', 'intersection_5', 'monument_2']
Stay in parking lot 5 until you take a picture of car 5;parking_lot_5 U_car_5 & photo;['photo', 'parking_lot_5', 'car_5']
Do not leave park 4 until you have taken a photograph of statue 9;park_4 U_photo & statue_9;['photo', 'park_4', 'statue_9']
Remain in street 4 until you take a picture of house 1;street_4 U_house_1 & photo;['photo', 'street_4', 'house_1']
Continue staying in park 2 until you successfully photograph monument 13;park_2 U_monument_13 & photo;['photo', 'park_2', 'monument_13']
Stay at park 2 until taking a picture of monument 13;park_2 U_monument_13 & photo;['photo', 'park_2', 'monument_13']
Stay in park 2 until you take a picture of monument 13;park_2 U_monument_13 & photo;['photo', 'park_2', 'monument_13']
Ensure you stay in parking lot 4 until you capture a picture of car 5;parking_lot_4 U_car_5 & photo;['photo', 'parking_lot_4', 'car_5']
Stay in parking lot 9 until you take a picture of car 2;parking_lot_9 U_car_2 & photo;['photo', 'parking_lot_9', 'car_2']
Stay within park 2 until you capture a photo of monument 13;park_2 U_monument_13 & photo;['photo', 'park_2', 'monument_13']
Stay in street 4 until you take a photo of house 1;street_4 U_house_1 & photo;['photo', 'street_4', 'house_1']
Stay in parking lot 9 until a picture of car 2 was taken;parking_lot_9 U_car_2 & photo;['photo', 'parking_lot_9', 'car_2']
Stay within parking lot 9 until you capture a photo of car 2;parking_lot_9 U_car_2 & photo;['photo', 'parking_lot_9', 'car_2']
Stay in parking lot 4 until you reach car 5;parking_lot_4 U car_5;['parking_lot_4', 'car_5']
Stay within park 1 until table 3 is reached;park_1 U table_3;['park_1', 'table_3']
Stay in park 1 until you reach table 3;park_1 U table_3;['park_1', 'table_3']
Remain in park 1 until you arrive at table 3;park_1 U table_3;['park_1', 'table_3']
Do not leave parking lot 4 until you reach car 5;parking_lot_4 U car_5;['parking_lot_4', 'car_5']
Remain in house 4 until you arrive at room 2;house_4 U room_2;['house_4', 'room_2']
Be in park 1 and continue to stay there until you get to table 3;park_1 U table_3;['park_1', 'table_3']
Remain in building 2 until you arrive at path 3;building_2 U path_3;['building_2', 'path_3']
Remain in street 6 until you arrive at intersection 8;street_6 U intersection_8;['street_6', 'intersection_8']
Stay within building 2 and do not leave until you reach path 3;building_2 U path_3;['building_2', 'path_3']
Remain in house 4 until you make your way to room 2;house_4 U room_2;['house_4', 'room_2']
Keep remaining in locality 3 until you make your way to office 4;locality_3 U office_4;['office_4', 'locality_3']
