If (prop_2) is always true, then (prop_1) and (prop_3) have to be true .;G prop_2 -> (prop_1 & prop_3);['prop_1', 'prop_2', 'prop_3']
If it is the case that for the event that ( prop_4 ) happens then ( prop_2 ) , and this in turn implies ( prop_1 ) , then ( prop_3 ) has to be true .;((prop_4 -> prop_2) -> prop_1) -> prop_3;['prop_1', 'prop_2', 'prop_3', 'prop_4']
repeatedly ( prop_1 ) and don't ( prop_2 );G(!prop_2 & F prop_1);['prop_1', 'prop_2']
If both (prop_2) and (prop_1) happen, then eventually (prop_3) must happen as well.;(prop_1 & prop_2) -> F prop_3;['prop_1', 'prop_2', 'prop_3']
Do not do (prop_2), and if you do (prop_1) then you should do (prop_3) .;!prop_2 & (prop_1 -> prop_3);['prop_1', 'prop_2', 'prop_3']
always ( prop_1 ) or at any time ( prop_2 );G(prop_1 | F prop_2);['prop_1', 'prop_2']
repeatedly ( prop_1 ) and forever ( prop_2 );G(F prop_1 & G prop_2);['prop_1', 'prop_2']
Globally , when the transition action that ( prop_4 ) takes place and ( prop_3 ) then the event that ( prop_2 ) has to occur instantly and at the same time point ( prop_1 ) .;G((prop_3 & prop_4) -> (prop_1 & prop_2));['prop_1', 'prop_2', 'prop_3', 'prop_4']
If ( prop_1 ) does not happen then ( prop_3 ) happens and ( prop_2 ) .;prop_2 & (!prop_1 -> prop_3);['prop_1', 'prop_2', 'prop_3']
If ( prop_4 ) then ( prop_1 ) , and also ( prop_2 ) , or else ( prop_3 ) .;prop_3 | (prop_2 & (prop_4 -> prop_1));['prop_1', 'prop_2', 'prop_3', 'prop_4']
When the event that ( prop_1 ) happens then all of the following conditions are true : ( prop_2 ) or the scenario that ( prop_3 ) ought to be immediately observed .;G(prop_1 -> (prop_2 | prop_3));['prop_1', 'prop_2', 'prop_3']
If ( prop_1 ) or ( prop_3 ) then ( prop_2 ) , the above condition is equivalent to ( prop_4 ) .;prop_4 <-> ((prop_1 | prop_3) -> prop_2);['prop_1', 'prop_2', 'prop_3', 'prop_4']
The scenario in which ( prop_2 ) happens and continues to happen until ( prop_3 ) is equivalent to the scenario in which ( prop_1 ) .;prop_1 <-> (prop_2 U prop_3);['prop_1', 'prop_2', 'prop_3']
whenever ( prop_1 ) can infer that repeatedly ( prop_2 );F prop_1 -> GF prop_2;['prop_1', 'prop_2']
Until (prop_2) is equivalent to (prop_3), if (prop_1) happens then (prop_4) should also happen .;(prop_2 -> prop_3) U (prop_1 <-> prop_4);['prop_1', 'prop_2', 'prop_3', 'prop_4']
Until (prop_1) implies (prop_4), keep making (prop_3) equal to (prop_2) .;(prop_1 <-> prop_4) U (prop_3 -> prop_2);['prop_1', 'prop_2', 'prop_3', 'prop_4']
For all time make sure that the scenario in which (prop_3) is true is the same as the scenario in which both (prop_1) and (prop_2) are true .;(prop_1 & prop_2) <-> G prop_3;['prop_1', 'prop_2', 'prop_3']
It is required that (prop_3) and (prop_2) happen at the same time, and (prop_1) should not happen .;!prop_1 & prop_2 & prop_3;['prop_1', 'prop_2', 'prop_3']
If ( prop_4 ) and ( prop_1 ) happens and continues to happen until at some other point ( prop_3 ) is detected , then the scenario is equivalent to ( prop_2 ) .;prop_2 <-> ((prop_1 & prop_4) U prop_3);['prop_1', 'prop_2', 'prop_3', 'prop_4']
Assure that (prop_2) and eventually (prop_1);F(prop_1 & prop_2);['prop_1', 'prop_2']
If (prop_2) does not happen, then (prop_1) should happen, and then eventually (prop_3) will happen as well .;(!prop_2 -> prop_1) -> F prop_3;['prop_1', 'prop_2', 'prop_3']
It is required that at a certain point in the future , ( prop_2 ) or ( prop_3 ) then ( prop_1 ) .;F((prop_2 | prop_3) -> prop_1);['prop_1', 'prop_2', 'prop_3']
As long as (prop_3) is always true, make sure that (prop_2) is equivalent to (prop_1) .;G prop_3 -> (prop_1 <-> prop_2);['prop_1', 'prop_2', 'prop_3']
If (prop_2) and (prop_4) happen, then make sure that (prop_1) is equivalent to (prop_3) .;(prop_2 & prop_4) -> (prop_1 <-> prop_3);['prop_1', 'prop_2', 'prop_3', 'prop_4']
( prop_1 ) and ( prop_4 ) should happen at the same time , and this situation should continue until ( prop_2 ) is equivalent to the scenario in which ( prop_3 ) happens .;(prop_1 & prop_4) U (prop_2 <-> prop_3);['prop_1', 'prop_2', 'prop_3', 'prop_4']
For all time instances, either (prop_1) should always be true, or both (prop_3) and (prop_2) should happen at the same time.;(prop_2 & prop_3) | G prop_1;['prop_1', 'prop_2', 'prop_3']
(prop_2), (prop_1) as you (prop_3).;prop_2 & (prop_1 -> prop_3);['prop_1', 'prop_2', 'prop_3']
It is true that ( prop_3 ) or ( prop_2 ) is equivalent to ( prop_1 ) , or ( prop_4 ) .;prop_4 | (prop_1 <-> (prop_2 | prop_3));['prop_1', 'prop_2', 'prop_3', 'prop_4']
when possible ( prop_1 ) or forever ( prop_2 );F(prop_1 | G prop_2);['prop_1', 'prop_2']
whenever ( prop_1 ) and whenever ( prop_2 );F(prop_1 & F prop_2);['prop_1', 'prop_2']
Either (prop_1) or (prop_3), and make sure (prop_2) happens .;(prop_1 | prop_3) & F prop_2;['prop_1', 'prop_2', 'prop_3']
( prop_4 ) or ( prop_2 ) or ( prop_1 ) should be observed , equivalent to the condition that ( prop_3 ) should be observed .;prop_3 <-> (prop_1 | prop_2 | prop_4);['prop_1', 'prop_2', 'prop_3', 'prop_4']
If at some point ( prop_4 ) is equivalent to ( prop_2 ) and this scenario continues until ( prop_3 ) is detected , then ( prop_1 ) .;((prop_2 <-> prop_4) U prop_3) -> prop_1;['prop_1', 'prop_2', 'prop_3', 'prop_4']
Either don't do (prop_1), or match the scenario of (prop_2) with the scenario of (prop_3) .;!prop_1 | (prop_2 <-> prop_3);['prop_1', 'prop_2', 'prop_3']
The scenario in which ( prop_2 ) happens and as a result ( prop_4 ) happens and this happens until ( prop_1 ) , the above condition is equivalent to ( prop_3 ) .;prop_3 <-> ((prop_2 -> prop_4) U prop_1);['prop_1', 'prop_2', 'prop_3', 'prop_4']
If it is not the case that ( prop_3 ) and ( prop_1 ) happens , then ( prop_2 ) .;!(prop_1 & prop_3) -> prop_2;['prop_1', 'prop_2', 'prop_3']
repeatedly ( prop_1 ) until never ( prop_2 );G(F prop_1 U G!prop_2);['prop_1', 'prop_2']
If (prop_1) is observed and (prop_2), then (prop_3) should always be true .;(prop_1 & prop_2) -> G prop_3;['prop_1', 'prop_2', 'prop_3']
For each time instant in the future if ( prop_2 ) then ( prop_3 ) , and also ( prop_1 ) .;prop_1 & G(prop_2 -> prop_3);['prop_1', 'prop_2', 'prop_3']
If (prop_2) eventually happens, then make sure that (prop_1) and (prop_3) both happen .;F prop_2 -> (prop_1 & prop_3);['prop_1', 'prop_2', 'prop_3']
If (prop_1) is equivalent to (prop_2), ensure that (prop_3) finally happens .;(prop_1 <-> prop_2) -> F prop_3;['prop_1', 'prop_2', 'prop_3']
If (prop_3) is always true, then either (prop_1) or (prop_2) must be true as well.;G prop_3 -> (prop_1 | prop_2);['prop_1', 'prop_2', 'prop_3']
Whenever ( prop_1 ) or ( prop_2 ) , then the following condition is true : ( prop_3 ) .;G((prop_1 | prop_2) -> prop_3);['prop_1', 'prop_2', 'prop_3']
In case that ( prop_1 ) , and ( prop_2 ) , then the following condition is not true : finally there will exist a certain moment within 38 to 87 time units , at which the scenario that ( prop_3 ) does n't occur .;G((prop_1 & prop_2) -> !F prop_3);['prop_1', 'prop_2', 'prop_3']
If (prop_1) then do (prop_4), until (prop_2) is equivalent to (prop_3) .;(prop_1 -> prop_4) U (prop_2 <-> prop_3);['prop_1', 'prop_2', 'prop_3', 'prop_4']
For each time instant in the future ( prop_2 ) happens , and if ( prop_1 ) then ( prop_3 ) .;(prop_1 -> prop_3) & G prop_2;['prop_1', 'prop_2', 'prop_3']
If (prop_4) is done until (prop_1), then it is equivalent to (prop_2) being done and (prop_3) being done .;(prop_2 & prop_3) <-> (prop_4 U prop_1);['prop_1', 'prop_2', 'prop_3', 'prop_4']
In case that ( prop_2 ) , and ( prop_1 ) , then ( prop_3 ) .;G((prop_1 & prop_2) -> prop_3);['prop_1', 'prop_2', 'prop_3']
In case that either ( prop_4 ) happens until ( prop_2 ) , or ( prop_3 ) , or ( prop_1 ) .;prop_1 | prop_3 | (prop_4 U prop_2);['prop_1', 'prop_2', 'prop_3', 'prop_4']
Either keep (prop_3) true all the time, or make sure (prop_2) is equivalent to (prop_1) .;(prop_1 <-> prop_2) | G prop_3;['prop_1', 'prop_2', 'prop_3']
If you do (prop_3) or observe (prop_1), then you should not do (prop_2) .;(prop_1 | prop_3) -> !prop_2;['prop_1', 'prop_2', 'prop_3']
at some time ( prop_1 ) or do not ( prop_2 );F(prop_1 | !prop_2);['prop_1', 'prop_2']
When ( prop_3 ) , or the scenario that ( prop_1 ) gets detected then in response the condition that uninterruptedly ( prop_2 ) should not be true .;G((prop_1 | prop_3) -> !G prop_2);['prop_1', 'prop_2', 'prop_3']
The scenario that ( prop_3 ) implies ( prop_2 ) globally if and only if ( prop_1 ) is true .;prop_1 <-> G(prop_3 -> prop_2);['prop_1', 'prop_2', 'prop_3']
For each time instant in the coming  time units either ( prop_1 ) and ( prop_3 ) should be detected , or else ( prop_2 ) .;prop_2 | G(prop_1 & prop_3);['prop_1', 'prop_2', 'prop_3']
The scenario in which (prop_2) or (prop_4) is equivalent to the scenario in which (prop_3) or (prop_1) happens .;(prop_2 | prop_4) <-> (prop_1 | prop_3);['prop_1', 'prop_2', 'prop_3', 'prop_4']
If (prop_3) has not occurred yet, then keep waiting until either (prop_1) or (prop_2) happens .;!prop_3 U (prop_1 | prop_2);['prop_1', 'prop_2', 'prop_3']
It is the case that ( prop_2 ) then ( prop_4 ) , and the above scenario is equivalent to ( prop_3 ) , or else ( prop_1 ) .;prop_1 | (prop_3 <-> (prop_2 -> prop_4));['prop_1', 'prop_2', 'prop_3', 'prop_4']
If ( prop_2 ) and ( prop_1 ) then ( prop_3 ) .;(prop_1 & prop_2) -> prop_3;['prop_1', 'prop_2', 'prop_3']
In case that ( prop_3 ) continues to happen until ( prop_2 ) happens , as well as ( prop_1 ) , and ( prop_4 ) then .;prop_1 & prop_4 & (prop_3 U prop_2);['prop_1', 'prop_2', 'prop_3', 'prop_4']
It would be one case that ( prop_1 ) and ( prop_2 ) are equivalent, and then ( prop_3 ) must be equivalent as well , and vice versa .;prop_3 <-> F(prop_1 <-> prop_2);['prop_1', 'prop_2', 'prop_3']
If it is not the case that ( prop_1 ) and also ( prop_3 ) , then ( prop_2 ) .;!(prop_1 & prop_3) -> prop_2;['prop_1', 'prop_2', 'prop_3']
The scenario in which (prop_4) implies (prop_2) is equivalent to the scenario in which (prop_1) and (prop_3) both happen .;(prop_4 -> prop_2) <-> (prop_1 & prop_3);['prop_1', 'prop_2', 'prop_3', 'prop_4']
Until (prop_3) and (prop_1) happen at the same time, keep (prop_2) from happening .;!prop_3 U (prop_1 & prop_2);['prop_1', 'prop_2', 'prop_3']
( prop_1 ) or repeatedly ( prop_2 );prop_1 | GF prop_2;['prop_1', 'prop_2']
In case that ( prop_2 ) , or ( prop_3 ) , then all of the following conditions hold : right away ( prop_1 ) .;G((prop_2 | prop_3) -> prop_1);['prop_1', 'prop_2', 'prop_3']
If at some point ( prop_2 ) happens and continues to happen until ( prop_4 ) , or ( prop_1 ) , and ( prop_3 ) .;prop_3 & (prop_1 | (prop_2 U prop_4));['prop_1', 'prop_2', 'prop_3', 'prop_4']
If you do not do (prop_3), then you should do (prop_1) and (prop_2) .;!prop_3 -> (prop_1 & prop_2);['prop_1', 'prop_2', 'prop_3']
If (prop_3) doesn't happen, then make sure (prop_1) and (prop_2) both happen .;!prop_3 -> (prop_1 & prop_2);['prop_1', 'prop_2', 'prop_3']
If (prop_3) is always true, then (prop_1) should always be equivalent to (prop_2) .;G prop_3 -> (prop_1 <-> prop_2);['prop_1', 'prop_2', 'prop_3']
The scenario in which (prop_1) or (prop_3) happens is equivalent to the scenario in which (prop_2) does not happen .;!prop_2 <-> (prop_1 | prop_3);['prop_1', 'prop_2', 'prop_3']
It is required that at a certain point the scenario in which ( prop_1 ) is equivalent to the scenario in which ( prop_3 ) is equivalent to the scenario in which ( prop_2 ) .;(prop_2 <-> prop_3) <-> F prop_1;['prop_1', 'prop_2', 'prop_3']
( prop_1 ) should happen and continue until ( prop_2 ) happens , or else ( prop_3 ) should not happen .;!prop_3 | (prop_1 U prop_2);['prop_1', 'prop_2', 'prop_3']
It is required that the scenario in which ( prop_2 ) is false is equivalent to the scenario in which ( prop_1 ) is equivalent to ( prop_3 ) .;!prop_2 <-> (prop_1 <-> prop_3);['prop_1', 'prop_2', 'prop_3']
Until (prop_1) does not happen, for every time (prop_3) occurs, (prop_2) should also occur .;(prop_1 -> prop_3) U !prop_2;['prop_1', 'prop_2', 'prop_3']
if whenever ( prop_1 ) , repeatedly ( prop_2 );F prop_1 -> GF prop_2;['prop_1', 'prop_2']
If ( prop_3 ) then implies ( prop_4 ) and in turn ( prop_1 ) happens, then the above statement implies ( prop_2 ) .;(prop_1 & (prop_3 -> prop_4)) -> prop_2;['prop_1', 'prop_2', 'prop_3', 'prop_4']
It is always the case that when ( prop_2 ) , or ( prop_3 ) then the following condition is true : there will be sometime in the future before the execution ends , at which ( prop_1 ) .;G((prop_2 | prop_3) -> FG prop_1);['prop_1', 'prop_2', 'prop_3']
At some point during the coming time units ( prop_3 ) should happen and then implies ( prop_1 ) , and also ( prop_2 ) .;prop_2 & F(prop_3 -> prop_1);['prop_1', 'prop_2', 'prop_3']
If ( prop_3 ) does not happen , then ( prop_2 ) or ( prop_1 ) should happen .;!prop_3 -> (prop_1 | prop_2);['prop_1', 'prop_2', 'prop_3']
whenever ( prop_1 ) can infer that ( prop_2 );F prop_1 -> prop_2;['prop_1', 'prop_2']
It is equivalent to have the scenario that ( prop_2 ) if and only if either of the following two conditions is true : the scenario that ( prop_1 ) should lead to ( prop_3 ) , or the scenario that ( prop_4 ) .;prop_4 <-> (prop_3 | (prop_2 -> prop_1));['prop_1', 'prop_2', 'prop_3', 'prop_4']
Do not let ( prop_2 ) happen, and ( prop_3 ) happens if and only if ( prop_1 ) happens.;!prop_2 & (prop_1 <-> prop_3);['prop_1', 'prop_2', 'prop_3']
Either (prop_1) is the same as (prop_2), or else if (prop_3), then make sure (prop_4) .;(prop_1 <-> prop_2) | (prop_3 -> prop_4);['prop_1', 'prop_2', 'prop_3', 'prop_4']
If at some point (prop_1) is equivalent to (prop_3), then (prop_2) should not happen .;(prop_1 <-> prop_3) -> !prop_2;['prop_1', 'prop_2', 'prop_3']
If ( prop_2 ) happens and continues to happen until ( prop_3 ) or else ( prop_1 ) , and also ( prop_4 ) then .;prop_4 & (prop_1 | (prop_2 U prop_3));['prop_1', 'prop_2', 'prop_3', 'prop_4']
If (prop_3) or (prop_2), then not (prop_1) .;(prop_2 | prop_3) -> !prop_1;['prop_1', 'prop_2', 'prop_3']
when possible ( prop_1 ) and do not ( prop_2 );F(prop_1 & !prop_2);['prop_1', 'prop_2']
It is not the case that if ( prop_2 ) then ( prop_3 ) has to happen or else ( prop_1 ) .;prop_1 | !(prop_2 -> prop_3);['prop_1', 'prop_2', 'prop_3']
don't ( prop_1 ) until at any time ( prop_2 );!(prop_1 U F prop_2);['prop_1', 'prop_2']
You should do (prop_2) and observe (prop_1), and you should also do (prop_4) or (prop_3) .;prop_1 & prop_2 & (prop_3 | prop_4);['prop_1', 'prop_2', 'prop_3', 'prop_4']
If at some point ( prop_2 ) happens and continues to happen until ( prop_4 ) is detected , then the scenario is equivalent to ( prop_1 ) , and ( prop_3 ) .;prop_3 & (prop_1 <-> (prop_2 U prop_4));['prop_1', 'prop_2', 'prop_3', 'prop_4']
It is required that the scenario in which ( prop_2 ) is equivalent to ( prop_1 ) to be observed at some point in the future if and only if ( prop_3 ) is true .;prop_3 <-> F(prop_1 <-> prop_2);['prop_1', 'prop_2', 'prop_3']
Either ensure that ( prop_2 ) is always true, or that the scenario in which ( prop_1 ) happens is equivalent to the scenario in which ( prop_3 ) happens.;(prop_1 <-> prop_3) | G prop_2;['prop_1', 'prop_2', 'prop_3']
The scenario in which (prop_3) and (prop_1) should be equivalent to the scenario in which (prop_2) or (prop_4) .;(prop_1 & prop_3) <-> (prop_2 | prop_4);['prop_1', 'prop_2', 'prop_3', 'prop_4']
never ( prop_1 ) can infer that never ( prop_2 );G!prop_1 -> G!prop_2;['prop_1', 'prop_2']
Eventually, (prop_3) should happen, and at the same time, (prop_1) being true is equivalent to (prop_2) being true.;(prop_1 <-> prop_2) & F prop_3;['prop_1', 'prop_2', 'prop_3']
( prop_1 ) and ( prop_2 ) should happen at the same time , and this situation should continue until ( prop_3 ) is equivalent to the scenario in which ( prop_4 ) happens .;(prop_1 & prop_2) U (prop_3 <-> prop_4);['prop_1', 'prop_2', 'prop_3', 'prop_4']
If either (prop_1) or (prop_2) happens, then keep (prop_3) for all time afterward .;(prop_1 | prop_2) -> G prop_3;['prop_1', 'prop_2', 'prop_3']
The scenario in which you do not do (prop_2) is equivalent to the scenario in which, if you do (prop_1), then you also do (prop_3) .;!prop_2 <-> (prop_1 -> prop_3);['prop_1', 'prop_2', 'prop_3']
If (prop_2) occurs and continues until (prop_3), then do (prop_1) and also (prop_4) .;(prop_2 U prop_3) -> (prop_1 & prop_4);['prop_1', 'prop_2', 'prop_3', 'prop_4']
The scenario in which ( prop_3 ) does not happen is equivalent to the scenario in which ( prop_1 ) and ( prop_2 ) both happen .;!prop_3 <-> (prop_1 & prop_2);['prop_1', 'prop_2', 'prop_3']
do not ( prop_1 ) until at some time ( prop_2 );!(F prop_1 U F prop_2);['prop_1', 'prop_2']
The scenario in which ( prop_1 ) does not happen is equivalent to the scenario in which ( prop_2 ) happens and continues until ( prop_3 ) .;!prop_1 <-> (prop_2 U prop_3);['prop_1', 'prop_2', 'prop_3']
( prop_4 ) and ( prop_3 ) should happen at the same time , and also ( prop_1 ) happens and continues until ( prop_2 ) happens .;prop_3 & prop_4 & (prop_1 U prop_2);['prop_1', 'prop_2', 'prop_3', 'prop_4']
(prop_1) and (prop_2) occurring together is equivalent to (prop_3) not happening.;!prop_3 <-> (prop_1 & prop_2);['prop_1', 'prop_2', 'prop_3']
whenever ( prop_1 ) until never ( prop_2 );F(prop_1 U G!prop_2);['prop_1', 'prop_2']
In the case ( prop_1 ) , then ( prop_2 ) .;G(prop_1 -> G prop_2);['prop_1', 'prop_2']
Either (prop_3) or (prop_1) should happen, and at the same time, (prop_2) should always be true.;(prop_1 | prop_3) & G prop_2;['prop_1', 'prop_2', 'prop_3']
at any time ( prop_1 ) until never ( prop_2 );F(prop_1 U G!prop_2);['prop_1', 'prop_2']
( prop_1 ) is not true is equivalent to ( prop_3 ) is true, and then implies ( prop_2 ) should be true .;(!prop_1 <-> prop_3) -> prop_2;['prop_1', 'prop_2', 'prop_3']
It is required that either the scenario where ( prop_2 ) is not detected or the scenario where ( prop_1 ) is detected , should happen and continue until the scenario where ( prop_3 ) .;(prop_1 | !prop_2) U prop_3;['prop_1', 'prop_2', 'prop_3']
The scenario in which (prop_4) and (prop_2) both happen is equivalent to the scenario in which (prop_1) happens until (prop_3) happens .;(prop_2 & prop_4) <-> (prop_1 U prop_3);['prop_1', 'prop_2', 'prop_3', 'prop_4']
If ( prop_2 ) or the scenario that ( prop_3 ) is detected and in addition ( prop_1 ) is observed then as a result ( prop_4 ) should be true .;(prop_1 & (prop_2 | prop_3)) -> prop_4;['prop_1', 'prop_2', 'prop_3', 'prop_4']
at some time ( prop_1 ) and always ( prop_2 );F(prop_1 & G prop_2);['prop_1', 'prop_2']
The scenario in which ( prop_2 ) and ( prop_1 ) should have the same truth value as the negation of ( prop_3 ) .;!prop_3 <-> (prop_1 & prop_2);['prop_1', 'prop_2', 'prop_3']
If ( prop_1 ) and ( prop_3 ) , then ( prop_2 ) .;(prop_1 & prop_3) -> prop_2;['prop_1', 'prop_2', 'prop_3']
If either ( prop_4 ) or ( prop_2 ) or ( prop_1 ) is detected, then it is equivalent to have ( prop_3 ) .;prop_3 <-> (prop_1 | prop_2 | prop_4);['prop_1', 'prop_2', 'prop_3', 'prop_4']
always ( prop_1 ) and never ( prop_2 );G(prop_1 & G!prop_2);['prop_1', 'prop_2']
If at some point ( prop_2 ) is equivalent to ( prop_1 ) and this scenario continues until at some other point ( prop_3 ) is detected , or else ( prop_4 ) .;prop_4 | ((prop_1 <-> prop_2) U prop_3);['prop_1', 'prop_2', 'prop_3', 'prop_4']
If at some point ( prop_2 ) or ( prop_4 ) and also ( prop_1 ) is detected , then ( prop_3 ) .;(prop_1 & (prop_2 | prop_4)) -> prop_3;['prop_1', 'prop_2', 'prop_3', 'prop_4']
If you do (prop_2) and observe (prop_3), then you should not do (prop_1) .;(prop_2 & prop_3) -> !prop_1;['prop_1', 'prop_2', 'prop_3']
If (prop_2), then (prop_3), or else (prop_1) is equivalent to (prop_4) .;(prop_2 -> prop_3) | (prop_1 <-> prop_4);['prop_1', 'prop_2', 'prop_3', 'prop_4']
For each time instant ( prop_3 ) and ( prop_1 ) should be detected , or else ( prop_2 ) .;prop_2 | G(prop_1 & prop_3);['prop_1', 'prop_2', 'prop_3']
It is true that ( prop_4 ) or ( prop_3 ) is equivalent to ( prop_2 ) , or ( prop_1 ) .;prop_1 | (prop_2 <-> (prop_3 | prop_4));['prop_1', 'prop_2', 'prop_3', 'prop_4']
If ( prop_3 ) and ( prop_2 ) , then in response the subsequent condition should not be true : at sometime during the subsequent 36 time units , ( prop_1 ) .;G((prop_2 & prop_3) -> !F prop_1);['prop_1', 'prop_2', 'prop_3']
Either (prop_3) or (prop_1) is true is equal to (prop_4) is equivalent to (prop_2) .;(prop_2 <-> prop_4) <-> (prop_1 | prop_3);['prop_1', 'prop_2', 'prop_3', 'prop_4']
If (prop_2) and (prop_3) happen at the same time, then compare if (prop_4) is equivalent to (prop_1), and if so, stop .;(prop_2 & prop_3) U (prop_1 <-> prop_4);['prop_1', 'prop_2', 'prop_3', 'prop_4']
If at some point ( prop_3 ) is not detected and continues to not be detected until ( prop_2 ) is detected , or else ( prop_1 ) .;prop_1 | (!prop_3 U prop_2);['prop_1', 'prop_2', 'prop_3']
It is equivalent if ( prop_3 ) or ( prop_2 ) is detected and ( prop_1 ) is also detected to that ( prop_4 ) happens , and vice versa .;prop_4 <-> (prop_1 & (prop_2 | prop_3));['prop_1', 'prop_2', 'prop_3', 'prop_4']
( prop_3 ) is not equivalent to ( prop_2 ) , then ( prop_1 ) .;prop_1 | !(prop_2 <-> prop_3);['prop_1', 'prop_2', 'prop_3']
The scenario in which you do (prop_2) and observe (prop_1) is equivalent to the scenario in which you do not do (prop_3) .;!prop_3 <-> (prop_1 & prop_2);['prop_1', 'prop_2', 'prop_3']
If ( prop_1 ) or ( prop_4 ) , then the above scenario is equivalent to ( prop_2 ) , or else ( prop_3 ) .;prop_3 | (prop_2 <-> (prop_1 | prop_4));['prop_1', 'prop_2', 'prop_3', 'prop_4']
Do ( prop_1 ) and ( prop_2 ) simultaneously, and make sure that ( prop_4 ) happens if and only if ( prop_3 ) happens.;prop_1 & prop_2 & (prop_3 <-> prop_4);['prop_1', 'prop_2', 'prop_3', 'prop_4']
On condition that the event that ( prop_2 ) is observed or ( prop_3 ) , then the following condition ought not to be true : ( prop_1 ) .;G((prop_2 | prop_3) -> !F prop_1);['prop_1', 'prop_2', 'prop_3']
The scenario in which (prop_2) happens and then (prop_1) should happen is always the same as the scenario in which (prop_3) happens .;(prop_2 -> prop_1) <-> G prop_3;['prop_1', 'prop_2', 'prop_3']
(prop_2) and (prop_3) are the same, and either (prop_1) or (prop_4) .;(prop_2 <-> prop_3) & (prop_1 | prop_4);['prop_1', 'prop_2', 'prop_3', 'prop_4']
Until (prop_1) or (prop_3) happens, keep (prop_2) being false .;!prop_1 U (prop_2 | prop_3);['prop_1', 'prop_2', 'prop_3']
If you observe (prop_3) and do (prop_1), then you should not do (prop_2) .;(prop_1 & prop_3) -> !prop_2;['prop_1', 'prop_2', 'prop_3']
If (prop_3) eventually happens or (prop_1) happens, then (prop_2) should not happen.;(prop_1 | F prop_3) -> !prop_2;['prop_1', 'prop_2', 'prop_3']
The scenario in which ( prop_1 ) happens and as a result ( prop_2 ) happens and this happens until ( prop_3 ) , the above condition is equivalent to ( prop_4 ) .;prop_4 <-> ((prop_1 -> prop_2) U prop_3);['prop_1', 'prop_2', 'prop_3', 'prop_4']
If either ( prop_4 ) or ( prop_2 ) is observed until at some point ( prop_1 ) happens , then as a result ( prop_3 ) should be observed .;((prop_2 | prop_4) U prop_1) -> prop_3;['prop_1', 'prop_2', 'prop_3', 'prop_4']
If (prop_3) happens, then (prop_1) should happen as well, otherwise, (prop_4) should continue happening until (prop_2) occurs.;(prop_3 -> prop_1) | (prop_4 U prop_2);['prop_1', 'prop_2', 'prop_3', 'prop_4']
Always maintain the condition that (prop_1) is equivalent to the scenario where (prop_2) is equivalent to (prop_3).;(prop_2 <-> prop_3) <-> G prop_1;['prop_1', 'prop_2', 'prop_3']
( prop_3 ) should happen and continue until ( prop_2 ) happens , and in the same time ( prop_1 ) does not happen .;!prop_1 & (prop_3 U prop_2);['prop_1', 'prop_2', 'prop_3']
If ( prop_1 ) and ( prop_3 ) happen at the same time , then for each time instant ( prop_2 ) is true .;(prop_1 & prop_3) -> G prop_2;['prop_1', 'prop_2', 'prop_3']
do not ( prop_1 ) or repeatedly ( prop_2 );!(prop_1 | GF prop_2);['prop_1', 'prop_2']
It is always the case that either globally ( prop_2 ) or ( prop_3 ) is detected , or else ( prop_1 ) is true .;prop_1 | G(prop_2 | prop_3);['prop_1', 'prop_2', 'prop_3']
If you ensure that (prop_3) implies (prop_2), then you should always do (prop_1) .;(prop_3 -> prop_2) -> G prop_1;['prop_1', 'prop_2', 'prop_3']
On the way to achieve (prop_2), if (prop_4) occurs, then do (prop_3), but don't (prop_1) no matter what happens.;!prop_1 & prop_2 & (prop_4 -> prop_3);['prop_1', 'prop_2', 'prop_3', 'prop_4']
Always, ( prop_3 ) is true if and only if both ( prop_1 ) and ( prop_2 ) are true.;(prop_1 & prop_2) <-> G prop_3;['prop_1', 'prop_2', 'prop_3']
It is required that in a future moment ( prop_3 ) and ( prop_1 ) should be equivalent , and that ( prop_2 ) should be always true .;prop_2 & F(prop_1 <-> prop_3);['prop_1', 'prop_2', 'prop_3']
It is not the case that ( prop_3 ) until ( prop_2 ) happens at some point in the future , which is equivalent to ( prop_1 ) .;prop_1 <-> !(prop_3 U prop_2);['prop_1', 'prop_2', 'prop_3']
While ( prop_1 ) then at a certain time point in the future before the end of the simulation ( prop_2 ) .;G(prop_1 -> F prop_2);['prop_1', 'prop_2']
If (prop_1), then (prop_2), and keep (prop_3) being equivalent to (prop_4) .;(prop_1 -> prop_2) & (prop_3 <-> prop_4);['prop_1', 'prop_2', 'prop_3', 'prop_4']
(prop_2) and (prop_4), and (prop_1) and (prop_3) should all happen .;prop_1 & prop_2 & prop_3 & prop_4;['prop_1', 'prop_2', 'prop_3', 'prop_4']
If ( prop_4 ) is equivalent to ( prop_2 ) , then ( prop_1 ) , and also ( prop_3 ) .;prop_3 & ((prop_2 <-> prop_4) -> prop_1);['prop_1', 'prop_2', 'prop_3', 'prop_4']
If ( prop_3 ) is equivalent to ( prop_2 ) or else ( prop_1 ) or else ( prop_4 ) .;prop_1 | prop_4 | (prop_2 <-> prop_3);['prop_1', 'prop_2', 'prop_3', 'prop_4']
If ( prop_3 ) then ( prop_4 ) , and ( prop_2 ) , then ( prop_1 ) .;(prop_2 & (prop_3 -> prop_4)) -> prop_1;['prop_1', 'prop_2', 'prop_3', 'prop_4']
( prop_1 ) means that repeatedly ( prop_2 );prop_1 -> GF prop_2;['prop_1', 'prop_2']
at some time ( prop_1 ) until do not ( prop_2 );F(prop_1 U !prop_2);['prop_1', 'prop_2']
If ( prop_2 ) or ( prop_3 ) happens , then ( prop_4 ) or ( prop_1 ) should also happen .;(prop_2 | prop_3) -> (prop_1 | prop_4);['prop_1', 'prop_2', 'prop_3', 'prop_4']
If ( prop_1 ) is equivalent to ( prop_3 ) then ( prop_2 ) .;(prop_1 <-> prop_3) -> prop_2;['prop_1', 'prop_2', 'prop_3']
( prop_1 ) or at some time ( prop_2 );prop_1 | F prop_2;['prop_1', 'prop_2']
If you do (prop_3) and observe (prop_1), then keep doing it until you also see (prop_2), at which point you should do (prop_4) .;(prop_1 & prop_3) U (prop_2 -> prop_4);['prop_1', 'prop_2', 'prop_3', 'prop_4']
Always (prop_2) should happen, or else (prop_1) and (prop_3) should happen at the same time.;(prop_1 & prop_3) | G prop_2;['prop_1', 'prop_2', 'prop_3']
(prop_1) doesn't happen, and make sure (prop_2) and (prop_3) both happen .;!prop_1 & prop_2 & prop_3;['prop_1', 'prop_2', 'prop_3']
If at some point ( prop_1 ) happens and continues to happen until ( prop_3 ) , and also ( prop_4 ) , or else ( prop_2 ) .;prop_2 | (prop_4 & (prop_1 U prop_3));['prop_1', 'prop_2', 'prop_3', 'prop_4']
repeatedly ( prop_1 ) and whenever ( prop_2 );G(F prop_1 & F prop_2);['prop_1', 'prop_2']
( prop_1 ) is not true if and only if  ( prop_3 ) , and also ( prop_2 ) should be true .;prop_2 & (!prop_1 <-> prop_3);['prop_1', 'prop_2', 'prop_3']
(prop_1) or (prop_4). (prop_3) until (prop_2).;(prop_1 | prop_4) & (prop_3 U prop_2);['prop_1', 'prop_2', 'prop_3', 'prop_4']
It is always the case that ( prop_1 ) should not happen or else ( prop_2 ) should happen, and in the meantime with the above condition ( prop_3 ) should happen .;prop_3 & (prop_2 | G!prop_1);['prop_1', 'prop_2', 'prop_3']
Whenever ( prop_2 ) and the transition action that ( prop_1 ) is n't observed then in response immediately ( prop_3 ) .;G((prop_1 & prop_2) -> prop_3);['prop_1', 'prop_2', 'prop_3']
if at any time ( prop_1 ) , never ( prop_2 );F prop_1 -> G!prop_2;['prop_1', 'prop_2']
For each time instant in the coming time units either ( prop_3 ) or ( prop_1 ) should be detected , or else ( prop_2 ) .;prop_2 | G(prop_1 | prop_3);['prop_1', 'prop_2', 'prop_3']
If you do not do (prop_3), then you should do either (prop_1) or (prop_2), and vice versa .;!prop_3 <-> (prop_1 | prop_2);['prop_1', 'prop_2', 'prop_3']
( prop_2 ) happens and continues until ( prop_3 ) happens , or else ( prop_1 ) should not happen .;!prop_1 | (prop_2 U prop_3);['prop_1', 'prop_2', 'prop_3']
( prop_3 ) is detected all the time until at some point in the future that ( prop_4 ) is detected, the above condition should be equivalent to the condition that ( prop_1 ), or ( prop_2 ) should be true .;prop_2 | (prop_1 <-> (prop_3 U prop_4));['prop_1', 'prop_2', 'prop_3', 'prop_4']
If (prop_3), then (prop_2), or else keep (prop_1) all the time .;(prop_3 -> prop_2) | G prop_1;['prop_1', 'prop_2', 'prop_3']
Either (prop_2) is equivalent to (prop_1), or always (prop_3) .;(prop_1 <-> prop_2) | G prop_3;['prop_1', 'prop_2', 'prop_3']
Either (prop_3) is always equal to (prop_2), or at some point (prop_1) will happen .;(prop_2 <-> prop_3) | F prop_1;['prop_1', 'prop_2', 'prop_3']
If at some point ( prop_2 ) and ( prop_1 ) happens and continues to happen until ( prop_4 ) is detected , then the scenario is equivalent to ( prop_3 ) .;prop_3 <-> ((prop_1 & prop_2) U prop_4);['prop_1', 'prop_2', 'prop_3', 'prop_4']
It should be the case that at some point (prop_2) happens and (prop_3) happens at the same time, which is equivalent to the scenario that (prop_1) does not happen .;!prop_1 <-> (prop_3 & F prop_2);['prop_1', 'prop_2', 'prop_3']
Globally , when ( prop_1 ) or ( prop_3 ) , then there will have to be a certain time point in the future before the execution ends finally , at which ( prop_2 ) .;G((prop_1 | prop_3) -> F prop_2);['prop_1', 'prop_2', 'prop_3']
If (prop_2) is equivalent to (prop_1), then at some point make (prop_3) happen .;(prop_1 <-> prop_2) -> F prop_3;['prop_1', 'prop_2', 'prop_3']
Either ( prop_2 ) or ( prop_1 ) .;prop_1 | prop_2;['prop_1', 'prop_2']
If (prop_2) and (prop_1) happen at the same time, or if (prop_4) then (prop_3) .;(prop_4 -> prop_3) | (prop_1 & prop_2);['prop_1', 'prop_2', 'prop_3', 'prop_4']
The scenario at some point ( prop_2 ) happens, is equivalent to the scenario in which at least one of ( prop_3 ) or ( prop_1 ) happens .;(prop_1 | prop_3) <-> F prop_2;['prop_1', 'prop_2', 'prop_3']
If it is true that ( prop_3 ) happens and continues until ( prop_2 ) is detected then as a response ( prop_4 ) should be detected , then ( prop_1 ) should be detected .;((prop_3 U prop_2) -> prop_4) -> prop_1;['prop_1', 'prop_2', 'prop_3', 'prop_4']
( prop_3 ) or ( prop_2 ) and also ( prop_1 ) , and ( prop_4 ) .;prop_1 & prop_4 & (prop_2 | prop_3);['prop_1', 'prop_2', 'prop_3', 'prop_4']
If (prop_2) and (prop_1) happen at the same time, then compare if (prop_4) is equivalent to (prop_3), and if so, stop .;(prop_1 & prop_2) U (prop_3 <-> prop_4);['prop_1', 'prop_2', 'prop_3', 'prop_4']
Either (prop_2) or (prop_1) should happen, and at the same time make sure (prop_3) is equivalent to (prop_4) .;(prop_3 <-> prop_4) & (prop_1 | prop_2);['prop_1', 'prop_2', 'prop_3', 'prop_4']
For each time instant if ( prop_2 ) is true , then ( prop_1 ) is equivalent to ( prop_3 ) .;G prop_2 -> (prop_1 <-> prop_3);['prop_1', 'prop_2', 'prop_3']
Do not do (prop_3) until if (prop_2) happens then you should do (prop_1) .;!prop_3 U (prop_2 -> prop_1);['prop_1', 'prop_2', 'prop_3']
If (prop_2), then (prop_3), and if (prop_4), then (prop_1) .;(prop_2 -> prop_3) & (prop_4 -> prop_1);['prop_1', 'prop_2', 'prop_3', 'prop_4']
If the scenario where ( prop_3 ) is equivalent to the scenario where ( prop_1 ) happens, then ( prop_2 ) must be true at all times .;(prop_1 <-> prop_3) -> G prop_2;['prop_1', 'prop_2', 'prop_3']
(prop_2) and (prop_4), then (prop_3) and (prop_1), until (prop_5).;(prop_2 & prop_4) -> ((prop_1 & prop_3) U prop_5);['prop_1', 'prop_2', 'prop_3', 'prop_4', 'prop_5']
( prop_1 ) happens and continues until ( prop_3 ) happens , or else ( prop_4 ) is equivalent to ( prop_2 ) .;(prop_2 <-> prop_4) | (prop_1 U prop_3);['prop_1', 'prop_2', 'prop_3', 'prop_4']
If either (prop_3) or (prop_1) happens, then wait until (prop_2) is equivalent to (prop_4) .;(prop_1 | prop_3) U (prop_2 <-> prop_4);['prop_1', 'prop_2', 'prop_3', 'prop_4']
If it is always the case that whenever ( prop_2 ) is detected then as a response ( prop_1 ) should happen , then ( prop_3 ) .;G(prop_2 -> prop_1) -> prop_3;['prop_1', 'prop_2', 'prop_3']
( prop_2 ) happens and continues until ( prop_4 ) happens , or else if ( prop_1 ) then ( prop_3 ) .;(prop_1 -> prop_3) | (prop_2 U prop_4);['prop_1', 'prop_2', 'prop_3', 'prop_4']
( prop_1 ) keeps happening until the scenario that ( prop_3 ) happens at some point in the future , then ( prop_2 ) should be observed , or else ( prop_4 ) .;prop_4 | ((prop_1 U prop_3) -> prop_2);['prop_1', 'prop_2', 'prop_3', 'prop_4']
If it is not the case that ( prop_2 ) and ( prop_1 ) , then ( prop_3 ) .;!(prop_1 & prop_2) -> prop_3;['prop_1', 'prop_2', 'prop_3']
If ( prop_4 ) then ( prop_3 ) , and also ( prop_1 ) , or else ( prop_2 ) .;prop_2 | (prop_1 & (prop_4 -> prop_3));['prop_1', 'prop_2', 'prop_3', 'prop_4']
If you do (prop_1) or (prop_3), then you should keep doing (prop_2) until (prop_4), and vice versa .;(prop_1 | prop_3) <-> (prop_2 U prop_4);['prop_1', 'prop_2', 'prop_3', 'prop_4']
Keep in mind that you should (prop_2) if you suspect (prop_1).;prop_2 -> prop_1;['prop_1', 'prop_2']
If (prop_3) or (prop_1), then eventually (prop_2) .;(prop_1 | prop_3) -> F prop_2;['prop_1', 'prop_2', 'prop_3']
It is always the case that when ( prop_2 ) then the following condition is true : ( prop_3 ) and this condition needs to keep consistently until ( prop_1 ) .;G(prop_2 -> (prop_3 U prop_1));['prop_1', 'prop_2', 'prop_3']
If (prop_3) then (prop_1) happens, then (prop_2) should be equivalent to (prop_4) .;(prop_3 -> prop_1) -> (prop_2 <-> prop_4);['prop_1', 'prop_2', 'prop_3', 'prop_4']
at any time ( prop_1 ) or never ( prop_2 );F(prop_1 | G!prop_2);['prop_1', 'prop_2']
Eventually, when (prop_1) happens, it means that (prop_2) is equivalent to (prop_3).;F prop_1 -> (prop_2 <-> prop_3);['prop_1', 'prop_2', 'prop_3']
As long as you keep seeing (prop_2), then you should either do (prop_1) or (prop_3) .;G prop_2 -> (prop_1 | prop_3);['prop_1', 'prop_2', 'prop_3']
Scenario that ( prop_2 ) leads to ( prop_4 ) is equivalent to ( prop_3 ) , and ( prop_1 ) .;prop_1 & (prop_3 <-> (prop_2 -> prop_4));['prop_1', 'prop_2', 'prop_3', 'prop_4']
If (prop_3) doesn't happen, or if (prop_2), then (prop_1) .;!prop_3 | (prop_2 -> prop_1);['prop_1', 'prop_2', 'prop_3']
If ( prop_2 ) , or ( prop_1 ) then after a certain time instant in the future before the execution ends , ( prop_3 ) .;G((prop_1 | prop_2) -> FG prop_3);['prop_1', 'prop_2', 'prop_3']
If (prop_2) doesn't occur, then keep doing (prop_1) until (prop_3) happens .;!prop_2 -> (prop_1 U prop_3);['prop_1', 'prop_2', 'prop_3']
In case that ( prop_3 ) and ( prop_1 ) happens and continues to happen until ( prop_2 ) is detected , and ( prop_4 ) .;prop_4 & ((prop_1 & prop_3) U prop_2);['prop_1', 'prop_2', 'prop_3', 'prop_4']
It is always the case that when ( prop_1 ) , there should exist a time during the subsequent 43 to 51 time units , at which eventually ( prop_2 ) .;G(prop_1 -> GF prop_2);['prop_1', 'prop_2']
If (prop_4) is equivalent to (prop_3), then keep (prop_2) until (prop_1) is true .;(prop_3 <-> prop_4) -> (prop_2 U prop_1);['prop_1', 'prop_2', 'prop_3', 'prop_4']
If (prop_1) is always true, then (prop_3), or else not (prop_2) .;!prop_2 | (G prop_1 -> prop_3);['prop_1', 'prop_2', 'prop_3']
(prop_1) doesn't happen, or if (prop_3) is always true, then (prop_2) .;!prop_1 | (G prop_3 -> prop_2);['prop_1', 'prop_2', 'prop_3']
(prop_2) is equivalent to (prop_1), or (prop_3) is equivalent to (prop_4) .;(prop_1 <-> prop_2) | (prop_3 <-> prop_4);['prop_1', 'prop_2', 'prop_3', 'prop_4']
It is required that (prop_3) is equivalent to (prop_1) and at some point in the future (prop_2) .;(prop_1 <-> prop_3) & F prop_2;['prop_1', 'prop_2', 'prop_3']
Either both ( prop_3 ) and ( prop_1 ) happen at the same time or eventually ( prop_2 ) will happen in the future.;(prop_1 & prop_3) | F prop_2;['prop_1', 'prop_2', 'prop_3']
If ( prop_2 ) is not detected and ( prop_3 ) , or else ( prop_1 ) .;prop_1 | (!prop_2 & prop_3);['prop_1', 'prop_2', 'prop_3']
As long as you do not do (prop_3), keep doing (prop_1) until (prop_2) .;!prop_3 -> (prop_1 U prop_2);['prop_1', 'prop_2', 'prop_3']
(prop_3) is equivalent to (prop_4) and (prop_1) is equivalent to (prop_2).;(prop_3 <-> prop_4) & (prop_1 <-> prop_2);['prop_1', 'prop_2', 'prop_3', 'prop_4']
If at all times (prop_3), then whenever (prop_2), ensure that (prop_1) happens as well .;G prop_3 -> (prop_2 -> prop_1);['prop_1', 'prop_2', 'prop_3']
If (prop_1) does not happen, then if (prop_2) then (prop_3) .;!prop_1 -> (prop_2 -> prop_3);['prop_1', 'prop_2', 'prop_3']
As soon as the event that ( prop_2 ) is n't detected or ( prop_1 ) , then for every moment in the future until the simulation ends , ultimately there shall exist sometime in the future before the end of the execution , at which ( prop_3 ) .;G((prop_1 | prop_2) -> GF prop_3);['prop_1', 'prop_2', 'prop_3']
Either not do (prop_3), or if (prop_2) is always true, then (prop_1) must also be true.;!prop_3 | (G prop_2 -> prop_1);['prop_1', 'prop_2', 'prop_3']
Keep ( prop_4 ) and ( prop_2 ) happening until we reach a point where ( prop_3 ) is equivalent to ( prop_1 ).;(prop_2 & prop_4) U (prop_1 <-> prop_3);['prop_1', 'prop_2', 'prop_3', 'prop_4']
If (prop_2) is equivalent to (prop_4), or if (prop_3), then you should do (prop_1) .;(prop_2 <-> prop_4) | (prop_3 -> prop_1);['prop_1', 'prop_2', 'prop_3', 'prop_4']
Either do not let (prop_1) happen or ensure that if (prop_2) always happens, then (prop_3) should also happen.;!prop_1 | (G prop_2 -> prop_3);['prop_1', 'prop_2', 'prop_3']
If it is not the case that ( prop_2 ) then ( prop_3 ) , and ( prop_1 ) .;prop_1 & (!prop_2 -> prop_3);['prop_1', 'prop_2', 'prop_3']
( prop_2 ) is not detected and ( prop_3 ) is detected , and ( prop_1 ) happens .;prop_1 & !prop_2 & prop_3;['prop_1', 'prop_2', 'prop_3']
when ( prop_1 ) , ( prop_2 );prop_1 -> prop_2;['prop_1', 'prop_2']
For all time, (prop_2) should be true and at the same time, (prop_3) and (prop_1) should both be true .;prop_1 & prop_3 & G prop_2;['prop_1', 'prop_2', 'prop_3']
at any time ( prop_1 ) and when possible ( prop_2 );F(prop_1 & F prop_2);['prop_1', 'prop_2']
At some point ( prop_1 ) or ( prop_2 ) , and ( prop_3 ) .;prop_3 & (prop_1 | prop_2);['prop_1', 'prop_2', 'prop_3']
don't ( prop_1 ) and ( prop_2 );!(prop_2 & F prop_1);['prop_1', 'prop_2']
If (prop_2) doesn't happen, then keep waiting until either (prop_3) or (prop_1) happens .;!prop_2 U (prop_1 | prop_3);['prop_1', 'prop_2', 'prop_3']
If it is not the case that ( prop_2 ) implies ( prop_3 ) should happen, or else ( prop_1 ) should be true .;prop_1 | !(prop_2 -> prop_3);['prop_1', 'prop_2', 'prop_3']
if forever ( prop_1 ) , repeatedly ( prop_2 );G prop_1 -> GF prop_2;['prop_1', 'prop_2']
If (prop_2) or (prop_3) happens, then (prop_4) until (prop_1) .;(prop_2 | prop_3) -> (prop_4 U prop_1);['prop_1', 'prop_2', 'prop_3', 'prop_4']
If ( prop_2 ) at some point then ( prop_4 ) happens and this scenario will hold until ( prop_3 ) is detected , and ( prop_1 ) .;prop_1 & ((prop_2 -> prop_4) U prop_3);['prop_1', 'prop_2', 'prop_3', 'prop_4']
If ( prop_3 ) , or ( prop_2 ) , then in response the subsequent condition must n't be true : there exists a certain moment after at most 31 time units eventually , at which ( prop_1 ) .;G((prop_2 | prop_3) -> !F prop_1);['prop_1', 'prop_2', 'prop_3']
The scenario in which ( prop_2 ) does not happen and ( prop_3 ) does is equivalent to the scenario in which ( prop_1 ) happens .;prop_1 <-> (!prop_2 & prop_3);['prop_1', 'prop_2', 'prop_3']
On condition that ( prop_3 ) and ( prop_1 ) then in response the following condition shall not be true : at a time during the subsequent 1 to 4 time units eventually the scenario that ( prop_2 ) will not get observed .;G((prop_1 & prop_3) -> !F prop_2);['prop_1', 'prop_2', 'prop_3']
If (prop_2) then (prop_1), then (prop_4) should be equivalent to (prop_3) .;(prop_2 -> prop_1) -> (prop_3 <-> prop_4);['prop_1', 'prop_2', 'prop_3', 'prop_4']
always ( prop_1 ) and at any time ( prop_2 );G(prop_1 & F prop_2);['prop_1', 'prop_2']
never ( prop_1 ) until never ( prop_2 );G(!prop_1 U G!prop_2);['prop_1', 'prop_2']
Either (prop_3) or (prop_2) should happen, or else (prop_1) should be true at all times.;prop_2 | prop_3 | G prop_1;['prop_1', 'prop_2', 'prop_3']
Either (prop_1) and (prop_3) happen at the same time, or else (prop_4) is equivalent to (prop_2) .;(prop_2 <-> prop_4) | (prop_1 & prop_3);['prop_1', 'prop_2', 'prop_3', 'prop_4']
always ( prop_1 ) or whenever ( prop_2 );G(prop_1 | F prop_2);['prop_1', 'prop_2']
If it is not the case that ( prop_1 ) , then ( prop_3 ) , or else ( prop_2 ) .;prop_2 | (!prop_1 -> prop_3);['prop_1', 'prop_2', 'prop_3']
at any time ( prop_1 ) and at any time ( prop_2 );F(prop_1 & F prop_2);['prop_1', 'prop_2']
( prop_1 ) means that forever ( prop_2 );prop_1 -> G prop_2;['prop_1', 'prop_2']
If there will exist a certain moment in the future , at which ultimately ( prop_3 ) , and till then ( prop_2 ) , then the following condition is true : there ought to finally exist a time in the future before the end of the execution , after which in the future before the simulation ends , ( prop_1 ) .;G((prop_3 U prop_2) -> FG prop_1);['prop_1', 'prop_2', 'prop_3']
Both scenarios should happen: either ( prop_4 ) or ( prop_3 ), and simultaneously, ( prop_1 ) and ( prop_2 ).;prop_1 & prop_2 & (prop_3 | prop_4);['prop_1', 'prop_2', 'prop_3', 'prop_4']
If (prop_2) or (prop_1), then eventually (prop_3) .;(prop_1 | prop_2) -> F prop_3;['prop_1', 'prop_2', 'prop_3']
Either (prop_2) or (prop_1) should happen, or else both (prop_3) and (prop_4) should happen .;prop_1 | prop_2 | (prop_3 & prop_4);['prop_1', 'prop_2', 'prop_3', 'prop_4']
If (prop_2) is always true, then make sure (prop_3) is not true and (prop_1) is true .;G prop_2 -> (prop_1 & !prop_3);['prop_1', 'prop_2', 'prop_3']
For each time instant in the future either if ( prop_2 ) then ( prop_3 ) happens , or else ( prop_1 ) .;prop_1 | G(prop_2 -> prop_3);['prop_1', 'prop_2', 'prop_3']
(prop_3) and (prop_2) are the same, and either (prop_1) or (prop_4) .;(prop_2 <-> prop_3) & (prop_1 | prop_4);['prop_1', 'prop_2', 'prop_3', 'prop_4']
At some point during the coming time units ( prop_1 ) should happen , or else ( prop_2 ) or ( prop_3 ) should happen .;prop_2 | prop_3 | F prop_1;['prop_1', 'prop_2', 'prop_3']
Globally , if ( prop_1 ) or ( prop_3 ) then the following condition is not true : consistently the transition action that ( prop_2 ) does n't take place for each time point within the following 13 to 71 time units .;G((prop_1 | prop_3) -> !G prop_2);['prop_1', 'prop_2', 'prop_3']
If (prop_3) and (prop_2) are equivalent, then (prop_1) is always true .;(prop_2 <-> prop_3) -> G prop_1;['prop_1', 'prop_2', 'prop_3']
If at some point ( prop_4 ) or ( prop_1 ) or ( prop_2 ) then ( prop_3 ) .;(prop_1 | prop_2 | prop_4) -> prop_3;['prop_1', 'prop_2', 'prop_3', 'prop_4']
Until (prop_1) happens and then implies (prop_4) is true, keep (prop_2) being equivalent to (prop_3) .;(prop_1 <-> prop_4) U (prop_2 -> prop_3);['prop_1', 'prop_2', 'prop_3', 'prop_4']
Globally , if ( prop_1 ) , then ultimately there needs to exist sometime in the future before the simulation ends , at which ( prop_2 ) .;G(prop_1 -> F prop_2);['prop_1', 'prop_2']
The scenario that ( prop_4 ) or the scenario that ( prop_2 ) should always be true until ( prop_1 ) happens at some point in the future , and also ( prop_3 ) should be true .;prop_3 & ((prop_2 | prop_4) U prop_1);['prop_1', 'prop_2', 'prop_3', 'prop_4']
It is always the case that in case that ( prop_2 ) , or ( prop_3 ) then for every time instant in the future before the execution ends , there needs to exist a certain time point starting between 80 to 81 time units , at which the scenario that the value ( prop_1 ) will get observed eventually .;G((prop_2 | prop_3) -> GF prop_1);['prop_1', 'prop_2', 'prop_3']
Globally , in case that the transition action that ( prop_3 ) gets detected , or ( prop_4 ) , then simultaneously the scenario that ( prop_2 ) , and ( prop_1 ) .;G((prop_3 | prop_4) -> (prop_1 & prop_2));['prop_1', 'prop_2', 'prop_3', 'prop_4']
If (prop_2) happens and continues until (prop_3), then (prop_1) should not happen .;(prop_2 U prop_3) -> !prop_1;['prop_1', 'prop_2', 'prop_3']
If (prop_2) is always true, then if (prop_1), (prop_3) should also be true .;G prop_2 -> (prop_1 -> prop_3);['prop_1', 'prop_2', 'prop_3']
If (prop_3) then do (prop_2), until (prop_1) is equivalent to (prop_4) .;(prop_3 -> prop_2) U (prop_1 <-> prop_4);['prop_1', 'prop_2', 'prop_3', 'prop_4']
The scenario in which ( prop_4 ) or ( prop_2 ) is detected should be equivalent to the scenario in which ( prop_1 ) is detected , until ( prop_3 ) is detected .;(prop_1 <-> (prop_2 | prop_4)) U prop_3;['prop_1', 'prop_2', 'prop_3', 'prop_4']
For all time (prop_2), or else either (prop_1) or (prop_3) .;prop_1 | prop_3 | G prop_2;['prop_1', 'prop_2', 'prop_3']
if when possible ( prop_1 ) , repeatedly ( prop_2 );F prop_1 -> GF prop_2;['prop_1', 'prop_2']
When ( prop_1 ) , or the scenario that ( prop_2 ) gets detected then in response the condition that uninterruptedly ( prop_3 ) should not be true .;G((prop_1 | prop_2) -> !G prop_3);['prop_1', 'prop_2', 'prop_3']
The scenario in which (prop_2) and (prop_4) happen is equivalent to the scenario in which (prop_3) happens until (prop_1) .;(prop_2 & prop_4) <-> (prop_3 U prop_1);['prop_1', 'prop_2', 'prop_3', 'prop_4']
Either (prop_4) and (prop_2) happen at the same time, or else (prop_3) is equivalent to (prop_1) .;(prop_1 <-> prop_3) | (prop_2 & prop_4);['prop_1', 'prop_2', 'prop_3', 'prop_4']
If (prop_2), (prop_1) and (prop_3) until (prop_4).;prop_2 -> ((prop_1 & prop_3) U prop_4);['prop_1', 'prop_2', 'prop_3', 'prop_4']
The scenario that ( prop_2 ) is not detected implies that ( prop_3 ) keeps happening until ( prop_1 ) .;(!prop_2 -> prop_3) U prop_1;['prop_1', 'prop_2', 'prop_3']
The scenario where ( prop_1 ) eventually happens is equivalent to the scenario where both ( prop_3 ) and ( prop_2 ) happen.;(prop_2 & prop_3) <-> F prop_1;['prop_1', 'prop_2', 'prop_3']
Either ( prop_2 ) is equivalent to ( prop_3 ), or ( prop_1 ) does not happen.;!prop_1 | (prop_2 <-> prop_3);['prop_1', 'prop_2', 'prop_3']
when possible ( prop_1 ) and ( prop_2 );F(prop_1 & prop_2);['prop_1', 'prop_2']
If (prop_1) then (prop_2) if and only if, (prop_3) if and only if (prop_4) .;(prop_1 -> prop_2) <-> (prop_3 <-> prop_4);['prop_1', 'prop_2', 'prop_3', 'prop_4']
For all time instants in the future ( prop_1 ) should be detected , or ( prop_2 ) happens in one time , or else ( prop_3 ) happens in one time .;prop_2 | prop_3 | G prop_1;['prop_1', 'prop_2', 'prop_3']
( prop_1 ) means that ( prop_2 );prop_1 -> prop_2;['prop_1', 'prop_2']
If (prop_1) does not happen, then keep doing (prop_3) until (prop_2) happens .;!prop_1 -> (prop_3 U prop_2);['prop_1', 'prop_2', 'prop_3']
If (prop_4) is the same as (prop_3), then if (prop_1), then (prop_2) .;(prop_3 <-> prop_4) -> (prop_1 -> prop_2);['prop_1', 'prop_2', 'prop_3', 'prop_4']
Either (prop_1) or (prop_2) is the same as if (prop_4) then (prop_3) .;(prop_4 -> prop_3) <-> (prop_1 | prop_2);['prop_1', 'prop_2', 'prop_3', 'prop_4']
Until (prop_2) or (prop_1), keep (prop_3) not happening .;!prop_2 U (prop_1 | prop_3);['prop_1', 'prop_2', 'prop_3']
The event of (prop_1) happening eventually is equivalent to the condition that if (prop_3) happens, then (prop_2) must also happen.;(prop_3 -> prop_2) <-> F prop_1;['prop_1', 'prop_2', 'prop_3']
If at some point ( prop_4 ) happens and continues to happen until ( prop_3 ) , or ( prop_2 ) , and ( prop_1 ) .;prop_1 & (prop_2 | (prop_4 U prop_3));['prop_1', 'prop_2', 'prop_3', 'prop_4']
It is required that either globally always ( prop_2 ) if and only if ( prop_1 ) is detected , or else ( prop_3 ) should be detected .;prop_3 | G(prop_1 <-> prop_2);['prop_1', 'prop_2', 'prop_3']
If ( prop_4 ) and ( prop_1 ) or ( prop_3 ) then the above scenario is equivalent to ( prop_2 ) .;prop_2 <-> (prop_3 | (prop_1 & prop_4));['prop_1', 'prop_2', 'prop_3', 'prop_4']
It should be the case that if ( prop_4 ) or ( prop_2 ) then ( prop_3 ), and ( prop_1 ) .;prop_1 & ((prop_2 | prop_4) -> prop_3);['prop_1', 'prop_2', 'prop_3', 'prop_4']
( prop_3 ) or ( prop_2 ) , and ( prop_1 ) .;prop_1 & (prop_2 | prop_3);['prop_1', 'prop_2', 'prop_3']
If ( prop_4 ) and ( prop_3 ) are detected then implies ( prop_2 ) should happen,  or else if ( prop_1 ) is detected .;prop_1 | ((prop_3 & prop_4) -> prop_2);['prop_1', 'prop_2', 'prop_3', 'prop_4']
The scenario in which (prop_1) happens and continues until (prop_2) happens is equivalent to the scenario in which (prop_3) does not happen .;!prop_3 <-> (prop_1 U prop_2);['prop_1', 'prop_2', 'prop_3']
If ( prop_2 ) and ( prop_6 ), then ( prop_4 ) until ( prop_5 ) happens , and ( prop_1 ) until ( prop_3 ) does not happen .;((prop_2 & prop_6) -> (prop_4 U prop_5)) & (prop_1 U !prop_3);['prop_1', 'prop_2', 'prop_3', 'prop_4', 'prop_5', 'prop_6']
While (prop_3), then implying do (prop_2), and don't (prop_1) .;!prop_1 & (prop_3 -> prop_2);['prop_1', 'prop_2', 'prop_3']
You should always do (prop_1), and either you don't do (prop_2) or you do (prop_3) .;(!prop_2 | prop_3) & G prop_1;['prop_1', 'prop_2', 'prop_3']
At some point (prop_1) doesn't happen and (prop_3) does, or always (prop_2) .;(!prop_1 & prop_3) | G prop_2;['prop_1', 'prop_2', 'prop_3']
If either (prop_1) or (prop_2) happens, then (prop_3) should not happen.;(prop_1 | prop_2) -> !prop_3;['prop_1', 'prop_2', 'prop_3']
If either (prop_1) or (prop_2) happens, then keep this condition until (prop_3) and (prop_4) both happen .;(prop_1 | prop_2) U (prop_3 & prop_4);['prop_1', 'prop_2', 'prop_3', 'prop_4']
If finally that ( prop_1 ) is detected then ( prop_2 ) , then ( prop_3 ) .;(F prop_1 -> prop_2) -> prop_3;['prop_1', 'prop_2', 'prop_3']
After (prop_1) finally occurs, make sure that either (prop_2) or (prop_3) happen .;F prop_1 -> (prop_2 | prop_3);['prop_1', 'prop_2', 'prop_3']
If (prop_2) is equivalent to (prop_3), and (prop_1), then (prop_4) .;(prop_2 <-> prop_3) & (prop_1 -> prop_4);['prop_1', 'prop_2', 'prop_3', 'prop_4']
If (prop_3) and (prop_4), or else if (prop_2) then do (prop_1) .;(prop_3 & prop_4) | (prop_2 U prop_1);['prop_1', 'prop_2', 'prop_3', 'prop_4']
If ( prop_2 ) happens and continues until ( prop_1 ) happens, then ( prop_3 ) should not happen.;(prop_2 U prop_1) -> !prop_3;['prop_1', 'prop_2', 'prop_3']
If the occurrence of (prop_3) is equivalent to the occurrence of (prop_1), then it implies that (prop_2) should not happen.;(prop_1 <-> F prop_3) -> !prop_2;['prop_1', 'prop_2', 'prop_3']
(prop_3) is not true, and (prop_2) should happen until (prop_1) is true .;!prop_3 & (prop_2 U prop_1);['prop_1', 'prop_2', 'prop_3']
The scenario in which you do not do (prop_3) is equivalent to the scenario in which, if you do (prop_1), then you also do (prop_2) .;!prop_3 <-> (prop_1 -> prop_2);['prop_1', 'prop_2', 'prop_3']
Either (prop_1) and (prop_3) happen at the same time, or else (prop_2) always happens .;(prop_1 & prop_3) | G prop_2;['prop_1', 'prop_2', 'prop_3']
If ( prop_1 ) is not true ,  then ( prop_2 ), and vice versa , and ( prop_3 ) .;prop_3 & (!prop_1 <-> prop_2);['prop_1', 'prop_2', 'prop_3']
if whenever ( prop_1 ) , never ( prop_2 );F prop_1 -> G!prop_2;['prop_1', 'prop_2']
Everytime when ( prop_1 ) , or the event that ( prop_3 ) happens , then the transition action that ( prop_2 ) must ultimately not occur at a certain moment in the future before the execution ends .;G((prop_1 | prop_3) -> F prop_2);['prop_1', 'prop_2', 'prop_3']
at any time ( prop_1 ) and always ( prop_2 );F(prop_1 & G prop_2);['prop_1', 'prop_2']
If it is the case that if ( prop_2 ) then ( prop_3 ) then ( prop_4 ) , then ( prop_1 ) .;((prop_2 -> prop_3) -> prop_4) -> prop_1;['prop_1', 'prop_2', 'prop_3', 'prop_4']
at some time ( prop_1 ) or whenever ( prop_2 );F(prop_1 | F prop_2);['prop_1', 'prop_2']
At some point in the future it should be the case that ( prop_1 ) implies ( prop_3 ) and ( prop_2 ) .;F(prop_2 & (prop_1 -> prop_3));['prop_1', 'prop_2', 'prop_3']
If ( prop_2 ) is equivalent to ( prop_4 ) and also if ( prop_3 ) then ( prop_1 ) .;(prop_2 <-> prop_4) & (prop_3 -> prop_1);['prop_1', 'prop_2', 'prop_3', 'prop_4']
It is required that at some point ( prop_3 ) , or else ( prop_1 ) or ( prop_2 ) should happen .;prop_1 | prop_2 | F prop_3;['prop_1', 'prop_2', 'prop_3']
never ( prop_1 ) and at any time ( prop_2 );G(!prop_1 & F prop_2);['prop_1', 'prop_2']
It is required that at some future point the scenario in which ( prop_2 ) and ( prop_3 ) are equivalent should hold , and also ( prop_1 ) should be true .;prop_1 & F(prop_2 <-> prop_3);['prop_1', 'prop_2', 'prop_3']
If (prop_2) implies (prop_3), then it should always be the case that (prop_1) is true .;(prop_2 -> prop_3) -> G prop_1;['prop_1', 'prop_2', 'prop_3']
when possible ( prop_1 ) or always ( prop_2 );F(prop_1 | G prop_2);['prop_1', 'prop_2']
whenever ( prop_1 ) or don't ( prop_2 );F(prop_1 | !F prop_2);['prop_1', 'prop_2']
Globally , in case that ( prop_1 ) , then the following condition is true : for each time point in the future till the end of the simulation there will be a certain moment in the future before the end of the simulation , at which ultimately the scenario that ( prop_2 ) should happen .;G(prop_1 -> GF prop_2);['prop_1', 'prop_2']
It is always the case that whenever ( prop_2 ) , or the event that ( prop_3 ) is detected then in response right away ( prop_4 ) and ( prop_1 ) .;G((prop_2 | prop_3) -> (prop_1 & prop_4));['prop_1', 'prop_2', 'prop_3', 'prop_4']
Globally , while ( prop_1 ) , or ( prop_3 ) then all of the following conditions hold : the event that ( prop_2 ) ought to be detected promptly , and ( prop_4 ) .;G((prop_1 | prop_3) -> (prop_2 & prop_4));['prop_1', 'prop_2', 'prop_3', 'prop_4']
It is required that finally that if ( prop_2 ) then ( prop_3 ) happens , the above scenario is equivalent to ( prop_1 ) .;prop_1 <-> F(prop_2 -> prop_3);['prop_1', 'prop_2', 'prop_3']
At any time (prop_3) or (prop_2), and make sure (prop_1) always holds .;(prop_2 | prop_3) & G prop_1;['prop_1', 'prop_2', 'prop_3']
It is required that at a certain point within the coming time units either ( prop_1 ) or ( prop_2 ) should be detected , and only then implies ( prop_3 ) .;F(prop_1 | prop_2) -> prop_3;['prop_1', 'prop_2', 'prop_3']
When ( prop_1 ) , then for each time point in the future until the end of the execution , at a time within the subsequent 29 to 29 time units ultimately the transition action that ( prop_2 ) should take place .;G(prop_1 -> GF prop_2);['prop_1', 'prop_2']
at some time ( prop_1 ) and don't ( prop_2 );F(prop_1 & !prop_2);['prop_1', 'prop_2']
If (prop_3) is equivalent to (prop_1), then make sure that (prop_2) is always true .;(prop_1 <-> prop_3) -> G prop_2;['prop_1', 'prop_2', 'prop_3']
Do not perform (prop_1) until the scenario where (prop_3) is equivalent to the scenario where (prop_2) happens.;!prop_1 U (prop_2 <-> prop_3);['prop_1', 'prop_2', 'prop_3']
If (prop_2) is equivalent to (prop_3), then keep (prop_4) until (prop_1) .;(prop_2 <-> prop_3) -> (prop_4 U prop_1);['prop_1', 'prop_2', 'prop_3', 'prop_4']
(prop_3) and (prop_1) should happen at the same time, and (prop_2) should not happen .;prop_1 & !prop_2 & prop_3;['prop_1', 'prop_2', 'prop_3']
If ( prop_2 ) and ( prop_1 ) are equivalent to ( prop_4 ) , and also ( prop_3 ) .;prop_3 & (prop_4 <-> (prop_1 & prop_2));['prop_1', 'prop_2', 'prop_3', 'prop_4']
when do not ( prop_1 ) , whenever ( prop_2 );!prop_1 -> F prop_2;['prop_1', 'prop_2']
If ( prop_2 ) and ( prop_3 ) then ( prop_1 ) .;(prop_2 & prop_3) -> prop_1;['prop_1', 'prop_2', 'prop_3']
If (prop_3) and (prop_1), then either (prop_2) or (prop_4) .;(prop_1 & prop_3) -> (prop_2 | prop_4);['prop_1', 'prop_2', 'prop_3', 'prop_4']
If ( prop_2 ) then ( prop_4 ) , then ( prop_1 ) , or else ( prop_3 ) .;prop_3 | ((prop_2 -> prop_4) -> prop_1);['prop_1', 'prop_2', 'prop_3', 'prop_4']
If ( prop_3 ) happens until the scenario that ( prop_1 ) is detected , and ( prop_2 ) is observed , then it should be followed by ( prop_4 ) .;(prop_2 & (prop_3 U prop_1)) -> prop_4;['prop_1', 'prop_2', 'prop_3', 'prop_4']
If ( prop_1 ) and ( prop_4 ) are detected then implies ( prop_2 ) should happen ,  or else if ( prop_3 ) is detected .;prop_3 | ((prop_1 & prop_4) -> prop_2);['prop_1', 'prop_2', 'prop_3', 'prop_4']
At some point during the simulation either ( prop_3 ) or ( prop_1 ) should happen , and ( prop_2 ) .;prop_2 & F(prop_1 | prop_3);['prop_1', 'prop_2', 'prop_3']
It is always the case that either globally ( prop_3 ) or ( prop_1 ) is detected , or else ( prop_2 ) is true .;prop_2 | G(prop_1 | prop_3);['prop_1', 'prop_2', 'prop_3']
If (prop_4) happens and causes (prop_3), then (prop_1) should be equivalent to (prop_2) .;(prop_4 -> prop_3) -> (prop_1 <-> prop_2);['prop_1', 'prop_2', 'prop_3', 'prop_4']
Globally , whenever there will be a certain time instant in the future before the execution ends , at which ultimately ( prop_1 ) , until then ( prop_3 ) then there must be finally a time in the future before the execution ends , after which in the future till the execution ends ( prop_2 ) .;G((prop_1 U prop_3) -> FG prop_2);['prop_1', 'prop_2', 'prop_3']
It is always the case that whenever ( prop_1 ) or the transition action that ( prop_2 ) is observed , then in response the following condition sha n't be true : for every moment in the coming 93 time units , consistently ( prop_3 ) .;G((prop_1 | prop_2) -> !G prop_3);['prop_1', 'prop_2', 'prop_3']
when forever ( prop_1 ) , ( prop_2 );G prop_1 -> prop_2;['prop_1', 'prop_2']
It is always the case that in case that ( prop_1 ) then all of the following conditions hold : for each time point in the future before the simulation ends there ought to exist a certain time point in the future before the simulation ends eventually , at which ( prop_2 ) .;G(prop_1 -> GF prop_2);['prop_1', 'prop_2']
Globally , while the scenario that ( prop_1 ) is detected , then ( prop_3 ) should be true , and in response ( prop_2 ) .;prop_2 & G(prop_1 -> prop_3);['prop_1', 'prop_2', 'prop_3']
If (prop_1) doesn't happen, or if (prop_2) then make sure (prop_3) happens .;!prop_1 | (prop_2 -> prop_3);['prop_1', 'prop_2', 'prop_3']
The scenario in which (prop_2) happens and then (prop_4) should be equivalent to the scenario in which either (prop_1) or (prop_3) happens .;(prop_2 -> prop_4) <-> (prop_1 | prop_3);['prop_1', 'prop_2', 'prop_3', 'prop_4']
It is required that the scenario in which ( prop_3 ) is equivalent to ( prop_1 ) to be observed at some point in the future if and only if ( prop_2 ) is true .;prop_2 <-> F(prop_1 <-> prop_3);['prop_1', 'prop_2', 'prop_3']
( prop_4 ) is equivalent to ( prop_1 ) will lead to ( prop_2 ) , or else ( prop_3 ) .;prop_3 | ((prop_1 <-> prop_4) -> prop_2);['prop_1', 'prop_2', 'prop_3', 'prop_4']
Either ( prop_1 ) does not happen, or it is always the case that ( prop_3 ) is equivalent to ( prop_2 ).;!prop_1 | (prop_2 <-> G prop_3);['prop_1', 'prop_2', 'prop_3']
at any time ( prop_1 ) can infer that at any time ( prop_2 );F prop_1 -> F prop_2;['prop_1', 'prop_2']
Either (prop_1) until (prop_3), or make sure (prop_2) doesn't happen .;!prop_2 | (prop_1 U prop_3);['prop_1', 'prop_2', 'prop_3']
If it is not the case that ( prop_2 ) is equivalent to ( prop_3 ) , then ( prop_1 ) .;!(prop_2 <-> prop_3) -> prop_1;['prop_1', 'prop_2', 'prop_3']
If (prop_3) occurs and continues until (prop_2), then either (prop_1) or (prop_4) should also occur .;(prop_3 U prop_2) -> (prop_1 | prop_4);['prop_1', 'prop_2', 'prop_3', 'prop_4']
If ( prop_4 ) happens and continues to happen until ( prop_2 ) is detected , then ( prop_1 ) , and ( prop_3 ) .;prop_3 & ((prop_4 U prop_2) -> prop_1);['prop_1', 'prop_2', 'prop_3', 'prop_4']
If ( prop_4 ) happens and continues to happen until ( prop_2 ) or ( prop_1 ) is detected then the above scenario is equivalent to ( prop_3 ) .;prop_3 <-> (prop_1 | (prop_4 U prop_2));['prop_1', 'prop_2', 'prop_3', 'prop_4']
If at some point ( prop_3 ) then ( prop_2 ) happens or else ( prop_1 ) , this scenario will hold until ( prop_4 ) .;(prop_1 | (prop_3 -> prop_2)) U prop_4;['prop_1', 'prop_2', 'prop_3', 'prop_4']
(prop_1) should be equivalent to (prop_2), or always do (prop_3) .;(prop_1 <-> prop_2) | G prop_3;['prop_1', 'prop_2', 'prop_3']
If ( prop_3 ) is not detected and ( prop_2 ) , or else ( prop_1 ) .;prop_1 | (prop_2 & !prop_3);['prop_1', 'prop_2', 'prop_3']
In case that ( prop_2 ) and ( prop_1 ) , then the following condition holds : ( prop_4 ) and this condition sustains without interruption till there ultimately exists a certain time point in the future before the end of the simulation , at which ( prop_3 ) .;G((prop_1 & prop_2) -> (prop_4 U prop_3));['prop_1', 'prop_2', 'prop_3', 'prop_4']
At some point during the simulation either ( prop_2 ) or ( prop_3 ) should happen , and ( prop_1 ) .;prop_1 & F(prop_2 | prop_3);['prop_1', 'prop_2', 'prop_3']
For all time (prop_3) is true, is equivalent to the scenario in which (prop_2) is equivalent to (prop_1) .;(prop_1 <-> prop_2) <-> G prop_3;['prop_1', 'prop_2', 'prop_3']
The scenario in which (prop_2) happens and continues until (prop_4) happens is equivalent to the scenario in which (prop_3) happens and then (prop_1) happens .;(prop_3 -> prop_1) <-> (prop_2 U prop_4);['prop_1', 'prop_2', 'prop_3', 'prop_4']
If ( prop_3 ) or ( prop_4 ) or ( prop_1 ) then ( prop_2 ) .;(prop_1 | prop_3 | prop_4) -> prop_2;['prop_1', 'prop_2', 'prop_3', 'prop_4']
For each time instant in the coming  time units if ( prop_3 ) then ( prop_2 ) , and also ( prop_1 ) .;prop_1 & G(prop_3 -> prop_2);['prop_1', 'prop_2', 'prop_3']
If you do either (prop_2) or (prop_1), then you should do both (prop_4) and (prop_3), and vice versa .;(prop_1 | prop_2) <-> (prop_3 & prop_4);['prop_1', 'prop_2', 'prop_3', 'prop_4']
Either ( prop_2 ) is equivalent to ( prop_3 ), or both ( prop_1 ) and ( prop_4 ) are true.;(prop_2 <-> prop_3) | (prop_1 & prop_4);['prop_1', 'prop_2', 'prop_3', 'prop_4']
Either it is not the case that ( prop_2 ) or else ( prop_3 ) , or else ( prop_1 ) .;prop_1 | !prop_2 | prop_3;['prop_1', 'prop_2', 'prop_3']
never ( prop_1 ) and at some time ( prop_2 );G(!prop_1 & F prop_2);['prop_1', 'prop_2']
( prop_2 ) and ( prop_1 ) should happen at the same time , and in the same time ( prop_3 ) does not happen .;prop_1 & prop_2 & !prop_3;['prop_1', 'prop_2', 'prop_3']
If ( prop_3 ) is equivalent to ( prop_1 ) and this scenario is continued until ( prop_2 ) is detected , or else ( prop_4 ) .;prop_4 | ((prop_1 <-> prop_3) U prop_2);['prop_1', 'prop_2', 'prop_3', 'prop_4']
(prop_3) should be equivalent to (prop_2), and at the same time (prop_1) should not happen .;!prop_1 & (prop_2 <-> prop_3);['prop_1', 'prop_2', 'prop_3']
Either (prop_2) or (prop_3) should happen, and finally (prop_1) should also happen .;(prop_2 | prop_3) & F prop_1;['prop_1', 'prop_2', 'prop_3']
at some time ( prop_1 ) and never ( prop_2 );F(prop_1 & G!prop_2);['prop_1', 'prop_2']
If (prop_3) happens and continues until (prop_1), then (prop_2) should not happen .;(prop_3 U prop_1) -> !prop_2;['prop_1', 'prop_2', 'prop_3']
( prop_2 ) and ( prop_3 ) should happen at the same time until at some point ( prop_1 ) does not happen .;(prop_2 & prop_3) U !prop_1;['prop_1', 'prop_2', 'prop_3']
(prop_1). (prop_2).;prop_1 & prop_2;['prop_1', 'prop_2']
If (prop_4), then (prop_2), and if (prop_1), then (prop_3) .;(prop_4 -> prop_2) & (prop_1 -> prop_3);['prop_1', 'prop_2', 'prop_3', 'prop_4']
If at some point ( prop_3 ) is equivalent to ( prop_4 ) and this scenario continues until ( prop_2 ) , and ( prop_1 ) .;prop_1 & ((prop_3 <-> prop_4) U prop_2);['prop_1', 'prop_2', 'prop_3', 'prop_4']
If (prop_3) is always true, then (prop_1) should be equivalent to (prop_2) .;G prop_3 -> (prop_1 <-> prop_2);['prop_1', 'prop_2', 'prop_3']
always ( prop_1 ) and forever ( prop_2 );G(prop_1 & G prop_2);['prop_1', 'prop_2']
If you ensure that (prop_4) implies (prop_3), then you should also make sure that (prop_2) is equivalent to (prop_1) .;(prop_4 -> prop_3) -> (prop_1 <-> prop_2);['prop_1', 'prop_2', 'prop_3', 'prop_4']
If ( prop_2 ) or ( prop_1 ) is equivalent to ( prop_3 ) , and ( prop_4 ) .;prop_4 & (prop_3 <-> (prop_1 | prop_2));['prop_1', 'prop_2', 'prop_3', 'prop_4']
At some point during the coming time units ( prop_3 ) or ( prop_2 ) should happen , and also ( prop_1 ) .;prop_1 & F(prop_2 | prop_3);['prop_1', 'prop_2', 'prop_3']
when ( prop_1 ) , at some time ( prop_2 );prop_1 -> F prop_2;['prop_1', 'prop_2']
If (prop_4) is equivalent to (prop_2), or if (prop_3) then (prop_1) .;(prop_2 <-> prop_4) | (prop_3 -> prop_1);['prop_1', 'prop_2', 'prop_3', 'prop_4']
Globally , whenever the event that ( prop_3 ) gets detected , or ( prop_1 ) , ( prop_2 ) .;G((prop_1 | prop_3) -> G prop_2);['prop_1', 'prop_2', 'prop_3']
If (prop_3) is achieved at some point, then either (prop_2) or (prop_1) should have happened .;F prop_3 -> (prop_1 | prop_2);['prop_1', 'prop_2', 'prop_3']
If (prop_3) or (prop_4), then either do (prop_2) or make sure (prop_1) is true .;(prop_3 | prop_4) -> (prop_1 | prop_2);['prop_1', 'prop_2', 'prop_3', 'prop_4']
In case ( prop_3 ) or ( prop_2 ), ( prop_1 ) will be true and this condition will hold consistently in the future till the end of the simulation.;G((prop_2 | prop_3) -> G prop_1);['prop_1', 'prop_2', 'prop_3']
If (prop_2) is equivalent to (prop_4), then make sure (prop_1) occurs until (prop_3) .;(prop_2 <-> prop_4) -> (prop_1 U prop_3);['prop_1', 'prop_2', 'prop_3', 'prop_4']
Repeatedly (prop_1);GF prop_1;['prop_1']
Until either (prop_3) or (prop_2), make sure that (prop_1) is not true .;!prop_3 U (prop_1 | prop_2);['prop_1', 'prop_2', 'prop_3']
It should be the case that if ( prop_1 ) is not detected then ( prop_3 ) , and equivalently ( prop_2 ) should be detected .;prop_2 <-> (!prop_1 -> prop_3);['prop_1', 'prop_2', 'prop_3']
If ( prop_3 ) leads to ( prop_2 ), then ( prop_1 ) should always be true.;(prop_3 -> prop_2) -> G prop_1;['prop_1', 'prop_2', 'prop_3']
always ( prop_1 ) or never ( prop_2 );G(prop_1 | G!prop_2);['prop_1', 'prop_2']
It is not the case that ( prop_1 ) and ( prop_2 ) are both true , or else ( prop_3 ) .;prop_3 | !(prop_1 & prop_2);['prop_1', 'prop_2', 'prop_3']
Either ( prop_1 ) or ( prop_2 ) should happen at the same time , or else if ( prop_3 ) then ( prop_4 ) .;prop_1 | prop_2 | (prop_3 -> prop_4);['prop_1', 'prop_2', 'prop_3', 'prop_4']
when possible ( prop_1 ) means that never ( prop_2 );F prop_1 -> G!prop_2;['prop_1', 'prop_2']
If (prop_2) occurs eventually, then (prop_1) and (prop_3) must both be true .;F prop_2 -> (prop_1 & prop_3);['prop_1', 'prop_2', 'prop_3']
Globally , everytime when the event that ( prop_2 ) takes place or ( prop_1 ) , then in response the subsequent condition sha n't be true : ultimately ( prop_3 ) .;G((prop_1 | prop_2) -> !F prop_3);['prop_1', 'prop_2', 'prop_3']
If ( prop_4 ) is equivalent to ( prop_3 ) or else ( prop_2 ) or else ( prop_1 ) .;prop_1 | prop_2 | (prop_3 <-> prop_4);['prop_1', 'prop_2', 'prop_3', 'prop_4']
If it is not the case that (prop_3), then either (prop_1) or (prop_2) should happen .;!prop_3 -> (prop_1 | prop_2);['prop_1', 'prop_2', 'prop_3']
If (prop_2) afterward, (prop_3) and (prop_1) as well.;prop_2 -> (prop_1 & prop_3);['prop_1', 'prop_2', 'prop_3']
If at some point in the future ( prop_3 ) happens, and before that ( prop_2 ) is happening and continuing, then ( prop_1 ) should happen .;(prop_3 U prop_2) -> prop_1;['prop_1', 'prop_2', 'prop_3']
repeatedly ( prop_1 ) means that at some time ( prop_2 );GF prop_1 -> F prop_2;['prop_1', 'prop_2']
When you finish (prop_2), (prop_1) and (prop_3).;F prop_2 -> (prop_1 & prop_3);['prop_1', 'prop_2', 'prop_3']
(prop_3) should be equivalent to (prop_2), or always do (prop_1) .;(prop_2 <-> prop_3) | G prop_1;['prop_1', 'prop_2', 'prop_3']
It is required that at the end of the simulation , ( prop_2 ) and ( prop_1 ) , and ( prop_3 ) should also happen .;prop_3 & F(prop_1 & prop_2);['prop_1', 'prop_2', 'prop_3']
If either (prop_4) or (prop_1) is true, then (prop_3) and (prop_2) should also be true, and vice versa .;(prop_1 | prop_4) <-> (prop_2 & prop_3);['prop_1', 'prop_2', 'prop_3', 'prop_4']
During the interval that ( prop_2 ) or ( prop_3 ) , then in response ( prop_1 ) .;G((prop_2 | prop_3) -> prop_1);['prop_1', 'prop_2', 'prop_3']
For all time make sure that (prop_1), or else (prop_3) or (prop_2) is true .;prop_2 | prop_3 | G prop_1;['prop_1', 'prop_2', 'prop_3']
It is required that at some point in the future ( prop_1 ) happens , and at the same time ( prop_3 ) and ( prop_2 ) should also happen .;prop_2 & prop_3 & F prop_1;['prop_1', 'prop_2', 'prop_3']
forever ( prop_1 ) can infer that at some time ( prop_2 );G prop_1 -> F prop_2;['prop_1', 'prop_2']
When the transition action that ( prop_2 ) is observed then the following condition is true : at the same moment ( prop_1 ) or ( prop_3 ) .;G(prop_2 -> (prop_1 | prop_3));['prop_1', 'prop_2', 'prop_3']
If ( prop_4 ) and ( prop_2 ) and the scenario that ( prop_3 ) is detected , or ( prop_1 ) is true .;prop_1 | (prop_2 & prop_3 & prop_4);['prop_1', 'prop_2', 'prop_3', 'prop_4']
if ( prop_1 ) , always ( prop_2 );prop_1 -> G prop_2;['prop_1', 'prop_2']
The scenario in which ( prop_3 ) and ( prop_2 ) and ( prop_4 ) is equivalent to the scenario in which ( prop_1 ) .;prop_1 <-> (prop_2 & prop_3 & prop_4);['prop_1', 'prop_2', 'prop_3', 'prop_4']
When ( prop_4 ) , and ( prop_3 ) , then all of the following conditions are true : ( prop_1 ) , and ( prop_2 ) .;G((prop_3 & prop_4) -> (prop_1 & prop_2));['prop_1', 'prop_2', 'prop_3', 'prop_4']
It is not the case that either ( prop_1 ) or ( prop_2 ) is detected , or else ( prop_3 ) .;prop_3 | !(prop_1 | prop_2);['prop_1', 'prop_2', 'prop_3']
For each time instant in the future if ( prop_3 ) does not happen then ( prop_2 ) , or else ( prop_1 ) .;prop_1 | G(!prop_3 -> prop_2);['prop_1', 'prop_2', 'prop_3']
If ( prop_2 ) is equivalent to ( prop_4 ) or else ( prop_3 ) , then ( prop_1 ) .;(prop_3 | (prop_2 <-> prop_4)) -> prop_1;['prop_1', 'prop_2', 'prop_3', 'prop_4']
never ( prop_1 ) means that when possible ( prop_2 );G!prop_1 -> F prop_2;['prop_1', 'prop_2']
If (prop_1) happens, and keep happening until (prop_4), then it is equivalent to the scenario that if (prop_3), then (prop_2) .;(prop_3 -> prop_2) <-> (prop_1 U prop_4);['prop_1', 'prop_2', 'prop_3', 'prop_4']
Until you do not do (prop_1), keep doing either (prop_2) or (prop_3) .;(prop_1 | prop_2) U !prop_3;['prop_1', 'prop_2', 'prop_3']
Ensure that either ( prop_3 ) is always true or ( prop_1 ) happens, and at the same time, ( prop_2 ) does not happen.;!prop_2 & (prop_1 | G prop_3);['prop_1', 'prop_2', 'prop_3']
don't ( prop_1 ) and at any time ( prop_2 );!(prop_1 & F prop_2);['prop_1', 'prop_2']
Continue (prop_1) until (prop_2) or until (prop_3);prop_1 U (prop_2 | prop_3);['prop_1', 'prop_2', 'prop_3']
If it is not the case that at some future time ( prop_1 ) or ( prop_2 ) , then ( prop_3 ) is true , and vice versa .;prop_3 <-> !F(prop_1 | prop_2);['prop_1', 'prop_2', 'prop_3']
If you do not do (prop_2), then you should do (prop_3) and observe (prop_1) .;!prop_2 -> (prop_1 & prop_3);['prop_1', 'prop_2', 'prop_3']
If (prop_1), (prop_3) until (prop_2).;prop_1 -> (prop_3 U prop_2);['prop_1', 'prop_2', 'prop_3']
If it is equivalent to have ( prop_4 ) and ( prop_3 ) or to have ( prop_2 ) then ( prop_1 ) .;(prop_2 <-> (prop_3 & prop_4)) -> prop_1;['prop_1', 'prop_2', 'prop_3', 'prop_4']
Keep (prop_4) and (prop_3) happening until the point when (prop_1) becomes equivalent to (prop_2).;(prop_3 & prop_4) U (prop_1 <-> prop_2);['prop_1', 'prop_2', 'prop_3', 'prop_4']
It is required that eventually (prop_1) should happen and be equivalent to (prop_2), and in the meantime (prop_3) should not happen .;!prop_3 & (prop_2 <-> F prop_1);['prop_1', 'prop_2', 'prop_3']
The scenario in which (prop_2) happens and continues until (prop_3) happens is equivalent to the scenario in which (prop_1) or (prop_4) happens .;(prop_1 | prop_4) <-> (prop_2 U prop_3);['prop_1', 'prop_2', 'prop_3', 'prop_4']
If (prop_1) occurs and (prop_2), then (prop_4) or else (prop_3), and vice versa .;(prop_1 & prop_2) <-> (prop_3 | prop_4);['prop_1', 'prop_2', 'prop_3', 'prop_4']
Globally , when the transition action that ( prop_1 ) occurs or ( prop_2 ) then all of the following conditions are true : eventually there shall be a certain time instant in the future before the end of the simulation , after which consistently ( prop_3 ) .;G((prop_1 | prop_2) -> FG prop_3);['prop_1', 'prop_2', 'prop_3']
(prop_4) and (prop_2) are both observed, or (prop_3) is equal to (prop_1) .;(prop_1 <-> prop_3) | (prop_2 & prop_4);['prop_1', 'prop_2', 'prop_3', 'prop_4']
if when possible ( prop_1 ) , ( prop_2 );F prop_1 -> prop_2;['prop_1', 'prop_2']
If you do (prop_3) or (prop_1), then you should not do (prop_2) .;(prop_1 | prop_3) -> !prop_2;['prop_1', 'prop_2', 'prop_3']
It is not the case that either ( prop_2 ) happens and continues to happen until ( prop_1 ) or else ( prop_3 ) .;!(prop_3 | (prop_2 U prop_1));['prop_1', 'prop_2', 'prop_3']
If (prop_3) implies (prop_1), then (prop_2) should not happen.;(prop_3 -> prop_1) -> !prop_2;['prop_1', 'prop_2', 'prop_3']
Eventually at some point ( prop_1 ) and ( prop_2 ) , or else ( prop_3 ) .;prop_3 | F(prop_1 & prop_2);['prop_1', 'prop_2', 'prop_3']
do not ( prop_1 ) can infer that ( prop_2 );!F prop_1 -> prop_2;['prop_1', 'prop_2']
(prop_1) does not happen, or if (prop_3) then (prop_2) .;!prop_1 | (prop_3 -> prop_2);['prop_1', 'prop_2', 'prop_3']
If the scenario of ( prop_1 ) is equivalent to the scenario of ( prop_3 ), then it is required that ( prop_2 ) does not happen.;(prop_1 <-> prop_3) -> !prop_2;['prop_1', 'prop_2', 'prop_3']
It is not the case that ( prop_1 ) happens and continues to happen until ( prop_3 ) is detected , and ( prop_2 ) .;prop_2 & !(prop_1 U prop_3);['prop_1', 'prop_2', 'prop_3']
Until (prop_3) is equal to (prop_1), make sure that (prop_2) is not true .;!prop_3 U (prop_1 <-> prop_2);['prop_1', 'prop_2', 'prop_3']
For each time instant in the future ( prop_1 ) is true , and ( prop_3 ) and ( prop_2 ) should happen at the same time .;prop_2 & prop_3 & G prop_1;['prop_1', 'prop_2', 'prop_3']
If (prop_2) is always true, then (prop_1) and (prop_3) should both be true .;G prop_2 -> (prop_1 & prop_3);['prop_1', 'prop_2', 'prop_3']
If ( prop_3 ) and ( prop_2 ) happens and continues to happen until at some other point ( prop_4 ) is detected , then the scenario is equivalent to ( prop_1 ) .;prop_1 <-> ((prop_2 & prop_3) U prop_4);['prop_1', 'prop_2', 'prop_3', 'prop_4']
If you do not do (prop_3), then you should do (prop_1), and also make sure to do (prop_2) at some point .;(!prop_3 -> prop_1) & F prop_2;['prop_1', 'prop_2', 'prop_3']
If (prop_2) is always true, then (prop_1) should be equivalent to (prop_3) .;G prop_2 -> (prop_1 <-> prop_3);['prop_1', 'prop_2', 'prop_3']
Globally , if ( prop_3 ) then all of the following conditions hold : there must be ultimately a time in the future before the execution ends , at which the scenario that ( prop_1 ) should n't happen , and before ( prop_2 ) .;G(prop_3 -> (prop_1 U prop_2));['prop_1', 'prop_2', 'prop_3']
whenever ( prop_1 ) can infer that never ( prop_2 );F prop_1 -> G!prop_2;['prop_1', 'prop_2']
It is not the case that both ( prop_1 ) and ( prop_2 ) are detected at the same time if and only if ( prop_3 ) is detected .;prop_3 <-> !(prop_1 & prop_2);['prop_1', 'prop_2', 'prop_3']
The scenario where ( prop_1 ) and ( prop_2 ) both happen is equivalent to the scenario where ( prop_4 ) and ( prop_3 ) both happen.;(prop_1 & prop_2) <-> (prop_3 & prop_4);['prop_1', 'prop_2', 'prop_3', 'prop_4']
If (prop_1) is always true, then either (prop_2) or (prop_3) should be true .;G prop_1 -> (prop_2 | prop_3);['prop_1', 'prop_2', 'prop_3']
If ( prop_2 ) is equivalent to ( prop_3 ) and also ( prop_1 ) , then ( prop_4 ) .;(prop_1 & (prop_2 <-> prop_3)) -> prop_4;['prop_1', 'prop_2', 'prop_3', 'prop_4']
( prop_1 ) and at some time ( prop_2 );prop_1 & F prop_2;['prop_1', 'prop_2']
Globally , when ( prop_3 ) and the scenario that ( prop_4 ) takes place , then in response promptly ( prop_1 ) , or ( prop_2 ) .;G((prop_3 & prop_4) -> (prop_1 | prop_2));['prop_1', 'prop_2', 'prop_3', 'prop_4']
If it is not the case that ( prop_2 ) or ( prop_1 ) , then ( prop_3 ) .;!(prop_1 | prop_2) -> prop_3;['prop_1', 'prop_2', 'prop_3']
(prop_2) is not the case, or (prop_1) should be equivalent to (prop_3) .;!prop_2 | (prop_1 <-> prop_3);['prop_1', 'prop_2', 'prop_3']
The scenario that ( prop_3 ) , and the scenario that ( prop_1 ) , and the scenario that ( prop_4 ) , and the scenario that ( prop_2 ) .;prop_1 & prop_2 & prop_3 & prop_4;['prop_1', 'prop_2', 'prop_3', 'prop_4']
During the interval that ( prop_1 ) and ( prop_2 ) , then the following condition is true : simultaneously ( prop_3 ) , or right away the transition action that ( prop_4 ) needs to happen .;G((prop_1 & prop_2) -> (prop_3 | prop_4));['prop_1', 'prop_2', 'prop_3', 'prop_4']
If ( prop_2 ) happens and continues to happen until ( prop_4 ) , then ( prop_1 ) , as well as ( prop_3 ) .;prop_3 & ((prop_2 U prop_4) -> prop_1);['prop_1', 'prop_2', 'prop_3', 'prop_4']
If ( prop_1 ) and ( prop_2 ) do not happen , then ( prop_3 ) .;!(prop_1 & prop_2) -> prop_3;['prop_1', 'prop_2', 'prop_3']
If you do not do (prop_1), then you should do either (prop_2) or (prop_3) .;!prop_1 -> (prop_2 | prop_3);['prop_1', 'prop_2', 'prop_3']
It is required that at the end of the simulation either ( prop_3 ) or ( prop_2 ) should have happened , and also ( prop_1 ) .;prop_1 & F(prop_2 | prop_3);['prop_1', 'prop_2', 'prop_3']
For each time instant in the coming  time units either ( prop_2 ) and ( prop_3 ) should be detected , or else ( prop_1 ) .;prop_1 | G(prop_2 & prop_3);['prop_1', 'prop_2', 'prop_3']
The scenario where ( prop_4 ) continues until ( prop_1 ) occurs is equivalent to the scenario where either ( prop_2 ) or ( prop_3 ) happens.;(prop_2 | prop_3) <-> (prop_4 U prop_1);['prop_1', 'prop_2', 'prop_3', 'prop_4']
If it is not the case that ( prop_3 ) or ( prop_2 ) then ( prop_1 ) should be true , and vice versa .;prop_1 <-> !(prop_2 | prop_3);['prop_1', 'prop_2', 'prop_3']
It is required that at some point in the future ( prop_1 ) is equivalent to ( prop_2 ) , and as a result ( prop_3 ) .;F(prop_1 <-> prop_2) -> prop_3;['prop_1', 'prop_2', 'prop_3']
If (prop_2) and (prop_3) happen, then make sure (prop_1) happens at some point afterward .;(prop_2 & prop_3) -> F prop_1;['prop_1', 'prop_2', 'prop_3']
Any of the following should happen: (prop_2) or (prop_1), or keep (prop_3) all the time .;prop_1 | prop_2 | G prop_3;['prop_1', 'prop_2', 'prop_3']
It should be the case that ( prop_1 ) leads to ( prop_4 ) until ( prop_3 ) happens , then implying that ( prop_2 ) is also true .;((prop_1 -> prop_4) U prop_3) -> prop_2;['prop_1', 'prop_2', 'prop_3', 'prop_4']
If ( prop_4 ) or ( prop_2 ) happens , then the scenario in which ( prop_3 ) happens is equivalent to the scenario in which ( prop_1 ) happens .;(prop_2 | prop_4) -> (prop_1 <-> prop_3);['prop_1', 'prop_2', 'prop_3', 'prop_4']
You should always do (prop_2), and either you don't do (prop_3) or you do (prop_1) .;(prop_1 | !prop_3) & G prop_2;['prop_1', 'prop_2', 'prop_3']
If (prop_1) doesn't happen, then make sure (prop_3) and (prop_2) both happen .;!prop_1 -> (prop_2 & prop_3);['prop_1', 'prop_2', 'prop_3']
Until you reach the situation where (prop_3) is equivalent to (prop_1), either do (prop_4) or (prop_2) .;(prop_1 | prop_3) U (prop_2 <-> prop_4);['prop_1', 'prop_2', 'prop_3', 'prop_4']
Either ( prop_1 ) or ( prop_2 ) is true if and only if either ( prop_3 ) or ( prop_4 ) is true.;(prop_1 | prop_2) <-> (prop_3 | prop_4);['prop_1', 'prop_2', 'prop_3', 'prop_4']
If (prop_2) then (prop_3), and then not (prop_1) .;(prop_2 -> prop_3) -> !prop_1;['prop_1', 'prop_2', 'prop_3']
If at some point (prop_3) or (prop_2), then at all future timesteps (prop_1) should be true .;(prop_2 | prop_3) -> G prop_1;['prop_1', 'prop_2', 'prop_3']
repeatedly ( prop_1 ) until always ( prop_2 );G(F prop_1 U G prop_2);['prop_1', 'prop_2']
Either ( prop_2 ) or ( prop_1 ) should not happen , and ( prop_3 ) .;prop_3 & !(prop_1 | prop_2);['prop_1', 'prop_2', 'prop_3']
If it is not the case that ( prop_3 ) implies ( prop_1 ) should happen, or else ( prop_2 ) should be true .;prop_2 | !(prop_3 -> prop_1);['prop_1', 'prop_2', 'prop_3']
