Look for the giraffe should always hold, with at most a two-step grace period for recovery.;!G!(search_giraffe & X search_giraffe);['search_giraffe']
Provide assistance to the safe_hostile should always hold, with at most a two-step grace period for recovery.;!G!(deliver_aid_safe_hostile & X deliver_aid_safe_hostile);['deliver_aid_safe_hostile']
Stay away from the inactive_fire_source should always hold, with at most a two-step grace period for recovery.;!G!(avoid_inactive_fire_source & X avoid_inactive_fire_source);['avoid_inactive_fire_source']
Deliver the handbag to the loading_dock should always hold, with at most a two-step grace period for recovery.;!G!(deliver_handbag_loading_dock & X deliver_handbag_loading_dock);['deliver_handbag_loading_dock']
Locate the toothbrush should always hold, with at most a two-step grace period for recovery.;!G!(search_toothbrush & X search_toothbrush);['search_toothbrush']
Begin recording the motorcycle on south_10th_street should always hold, with at most a two-step grace period for recovery.;!G!(record_motorcycle_south_10th_street & X record_motorcycle_south_10th_street);['record_motorcycle_south_10th_street']
Take a picture of debris should always hold, with at most a two-step grace period for recovery.;!G!(photo_debris & X photo_debris);['photo_debris']
Begin recording the collision on northwest_4th_street should always hold, with at most a two-step grace period for recovery.;!G!(record_collision_northwest_4th_street & X record_collision_northwest_4th_street);['record_collision_northwest_4th_street']
Deliver aid to the injured_victim should always hold, with at most a two-step grace period for recovery.;!G!(deliver_aid_injured_victim & X deliver_aid_injured_victim);['deliver_aid_injured_victim']
Find the cake should always hold, with at most a two-step grace period for recovery.;!G!(search_cake & X search_cake);['search_cake']
Take a photo of the person on northwest_6th_street should always hold, with at most a two-step grace period for recovery.;!G!(photo_person_northwest_6th_street & X photo_person_northwest_6th_street);['photo_person_northwest_6th_street']
Transport the chair to the loading_dock should always hold, with at most a two-step grace period for recovery.;!G!(deliver_chair_loading_dock & X deliver_chair_loading_dock);['deliver_chair_loading_dock']
Photograph safe_person can only happen after returning home.;!photo_safe_person U go_home;['go_home', 'photo_safe_person']
Update light_west yellow can only happen after change light_south green.;!change_light_west_yellow U change_light_south_green;['change_light_west_yellow', 'change_light_south_green']
Call for help can only happen after change light_east red.;!get_help U change_light_east_red;['get_help', 'change_light_east_red']
Record flood can only happen after calling for help.;!record_flood U get_help;['get_help', 'record_flood']
Call for help can only happen after idleing.;!get_help U idle;['get_help', 'idle']
Communicate with the safe_hostile can only happen after requesting assistance.;!communicate_safe_hostile U get_help;['get_help', 'communicate_safe_hostile']
Provide assistance to the injured_rescuer can only happen after calling for help.;!deliver_aid_injured_rescuer U get_help;['get_help', 'deliver_aid_injured_rescuer']
Record debris can only happen after geting help.;!record_debris U get_help;['get_help', 'record_debris']
Deliver the parking_meter to the loading_dock can only happen after picking up the baseball_bat.;!deliver_parking_meter_loading_dock U pickup_baseball_bat;['deliver_parking_meter_loading_dock', 'pickup_baseball_bat']
Take a picture of safe_rescuer can only happen after avoid the inactive_unstable_beam.;!photo_safe_rescuer U avoid_inactive_unstable_beam;['photo_safe_rescuer', 'avoid_inactive_unstable_beam']
Record the pedestrian on southwest_4th_avenue can only happen after photoing the car on south_8th_avenue.;!record_pedestrian_southwest_4th_avenue U photo_car_south_8th_avenue;['record_pedestrian_southwest_4th_avenue', 'photo_car_south_8th_avenue']
Photograph the person on northeast_4th_street can only happen after calling for help.;!photo_person_northeast_4th_street U get_help;['get_help', 'photo_person_northeast_4th_street']
Take a photo of the vehicle on south_9th_street must hold until change light_west yellow does, or else photo the vehicle on south_9th_street holds forever.;(photo_vehicle_south_9th_street U change_light_west_yellow) | G photo_vehicle_south_9th_street;['change_light_west_yellow', 'photo_vehicle_south_9th_street']
Take a photo of safe_victim must hold until staying away from the inactive_fire_source does, or else photo safe_victim holds forever.;(photo_safe_victim U avoid_inactive_fire_source) | G photo_safe_victim;['photo_safe_victim', 'avoid_inactive_fire_source']
You must avoid the impending_debris must hold until deliver_aid the safe_hostile does, or else avoid the impending_debris holds forever.;(avoid_impending_debris U deliver_aid_safe_hostile) | G avoid_impending_debris;['deliver_aid_safe_hostile', 'avoid_impending_debris']
Pick up the person must hold until calling for help does, or else pickup the person holds forever.;(pickup_person U get_help) | G pickup_person;['get_help', 'pickup_person']
Take a photo of flood must hold until talking to the injured_hostile does, or else photo flood holds forever.;(photo_flood U communicate_injured_hostile) | G photo_flood;['photo_flood', 'communicate_injured_hostile']
Return home must hold until photo safe_victim does, or else go_home holds forever.;(go_home U photo_safe_victim) | G go_home;['photo_safe_victim', 'go_home']
You must pickup the hair-drier must hold until picking up the zebra does, or else pickup the hair-drier holds forever.;(pickup_hair_drier U pickup_zebra) | G pickup_hair_drier;['pickup_zebra', 'pickup_hair_drier']
Take a photo of safe_rescuer must hold until get_help does, or else photo safe_rescuer holds forever.;(photo_safe_rescuer U get_help) | G photo_safe_rescuer;['get_help', 'photo_safe_rescuer']
Return home must hold until avoid the active_debris does, or else go_home holds forever.;(go_home U avoid_active_debris) | G go_home;['go_home', 'avoid_active_debris']
Get help must hold until delivering the book to the shelf does, or else get_help holds forever.;(get_help U deliver_book_shelf) | G get_help;['get_help', 'deliver_book_shelf']
Update light_south yellow must hold until recording the person on east_1st_avenue does, or else change light_south yellow holds forever.;(change_light_south_yellow U record_person_east_1st_avenue) | G change_light_south_yellow;['change_light_south_yellow', 'record_person_east_1st_avenue']
The system must avoid the nearest_flood must hold until returning to base does, or else avoid the nearest_flood holds forever.;(avoid_nearest_flood U go_home) | G avoid_nearest_flood;['go_home', 'avoid_nearest_flood']
Our agent must eventually, avoid going back to base.;F!go_home;['go_home']
This controller must eventually, avoid begining recording the cyclist on northwest_2nd_avenue.;F!record_cyclist_northwest_2nd_avenue;['record_cyclist_northwest_2nd_avenue']
The robot must eventually, avoid establishing communication with the injured_hostile.;F!communicate_injured_hostile;['communicate_injured_hostile']
The system must eventually, avoid begining recording the cyclist on north_1st_street.;F!record_cyclist_north_1st_street;['record_cyclist_north_1st_street']
You must eventually, avoid photoing gas_leak.;F!photo_gas_leak;['photo_gas_leak']
The robot must eventually, avoid pickuping the carrot.;F!pickup_carrot;['pickup_carrot']
The robot must eventually, avoid change light_east green.;F!change_light_east_green;['change_light_east_green']
You must eventually, avoid change light_east red.;F!change_light_east_red;['change_light_east_red']
The system must eventually, avoid searching the sports_ball.;F!search_sports_ball;['search_sports_ball']
This controller must eventually, avoid photoing flood.;F!photo_flood;['photo_flood']
This controller must eventually, avoid change light_north yellow.;F!change_light_north_yellow;['change_light_north_yellow']
The system must eventually, avoid droping off the surfboard to the loading_dock.;F!deliver_surfboard_loading_dock;['deliver_surfboard_loading_dock']
You must Eventually, both go_home and deliver_aid the injured_hostile hold simultaneously.;F(deliver_aid_injured_hostile & go_home);['go_home', 'deliver_aid_injured_hostile']
You must eventually get_help and pickup the cell_phone.;F(get_help & pickup_cell_phone);['get_help', 'pickup_cell_phone']
The robot must eventually deliver_aid the safe_hostile and go_home.;F(deliver_aid_safe_hostile & go_home);['go_home', 'deliver_aid_safe_hostile']
Our agent must eventually deliver the sports_ball to the shelf and idle.;F(deliver_sports_ball_shelf & idle);['idle', 'deliver_sports_ball_shelf']
You must Eventually, both photo fire_source and record injured_rescuer hold simultaneously.;F(photo_fire_source & record_injured_rescuer);['record_injured_rescuer', 'photo_fire_source']
The system must Eventually, both idle and pickup the toaster hold simultaneously.;F(idle & pickup_toaster);['idle', 'pickup_toaster']
The system must eventually record the car on east_2nd_street and photo the pedestrian on southeast_4th_street.;F(photo_pedestrian_southeast_4th_street & record_car_east_2nd_street);['photo_pedestrian_southeast_4th_street', 'record_car_east_2nd_street']
The robot must eventually search the sandwich and pickup the banana.;F(pickup_banana & search_sandwich);['pickup_banana', 'search_sandwich']
The robot must Eventually, both get_help and pickup the tie hold simultaneously.;F(get_help & pickup_tie);['get_help', 'pickup_tie']
This controller must Eventually, both change light_east red and photo the car on west_2nd_street hold simultaneously.;F(change_light_east_red & photo_car_west_2nd_street);['change_light_east_red', 'photo_car_west_2nd_street']
The system must eventually photo the cyclist on southwest_7th_street and record the cyclist on northwest_3rd_street.;F(photo_cyclist_southwest_7th_street & record_cyclist_northwest_3rd_street);['photo_cyclist_southwest_7th_street', 'record_cyclist_northwest_3rd_street']
This controller must Eventually, both pickup the bear and idle hold simultaneously.;F(idle & pickup_bear);['idle', 'pickup_bear']
The robot must eventually search the bed or search the vase.;F(search_bed | search_vase);['search_bed', 'search_vase']
The robot must eventually change light_west red or photo the vehicle on southwest_9th_street.;F(change_light_west_red | photo_vehicle_southwest_9th_street);['change_light_west_red', 'photo_vehicle_southwest_9th_street']
The system must eventually idle or deliver the sandwich to the loading_dock.;F(deliver_sandwich_loading_dock | idle);['idle', 'deliver_sandwich_loading_dock']
You must eventually avoid the probable_gas_leak or photo unstable_beam.;F(avoid_probable_gas_leak | photo_unstable_beam);['avoid_probable_gas_leak', 'photo_unstable_beam']
You must eventually record the collision on north_3rd_avenue or change light_south yellow.;F(change_light_south_yellow | record_collision_north_3rd_avenue);['change_light_south_yellow', 'record_collision_north_3rd_avenue']
You must eventually deliver the toaster to the loading_dock or pickup the cell_phone.;F(deliver_toaster_loading_dock | pickup_cell_phone);['pickup_cell_phone', 'deliver_toaster_loading_dock']
Our agent must eventually change light_east red or photo the pedestrian on northwest_4th_avenue.;F(change_light_east_red | photo_pedestrian_northwest_4th_avenue);['change_light_east_red', 'photo_pedestrian_northwest_4th_avenue']
You must eventually change light_east green or record the person on northeast_6th_avenue.;F(change_light_east_green | record_person_northeast_6th_avenue);['change_light_east_green', 'record_person_northeast_6th_avenue']
The system must eventually pickup the vase or pickup the tie.;F(pickup_tie | pickup_vase);['pickup_vase', 'pickup_tie']
The system must eventually idle or search the teddy-bear.;F(idle | search_teddy_bear);['idle', 'search_teddy_bear']
The robot must eventually change light_north yellow or get_help.;F(change_light_north_yellow | get_help);['get_help', 'change_light_north_yellow']
The system must eventually get_help or change light_west red.;F(change_light_west_red | get_help);['get_help', 'change_light_west_red']
From some point onwards, photo the motorcycle on south_9th_street never occurs again.;FG!photo_motorcycle_south_9th_street;['photo_motorcycle_south_9th_street']
From some point onwards, photo the pedestrian on south_3rd_street never occurs again.;FG!photo_pedestrian_south_3rd_street;['photo_pedestrian_south_3rd_street']
From some point onwards, search the zebra never occurs again.;FG!search_zebra;['search_zebra']
From some point onwards, search the bench never occurs again.;FG!search_bench;['search_bench']
From some point onwards, search the cell_phone never occurs again.;FG!search_cell_phone;['search_cell_phone']
From some point onwards, deliver the horse to the shelf never occurs again.;FG!deliver_horse_shelf;['deliver_horse_shelf']
From some point onwards, record injured_rescuer never occurs again.;FG!record_injured_rescuer;['record_injured_rescuer']
From some point onwards, record the collision on northwest_10th_street never occurs again.;FG!record_collision_northwest_10th_street;['record_collision_northwest_10th_street']
From some point onwards, avoid the nearest_flood never occurs again.;FG!avoid_nearest_flood;['avoid_nearest_flood']
From some point onwards, change light_east green never occurs again.;FG!change_light_east_green;['change_light_east_green']
From some point onwards, search the giraffe never occurs again.;FG!search_giraffe;['search_giraffe']
From some point onwards, record the car on northeast_4th_street never occurs again.;FG!record_car_northeast_4th_street;['record_car_northeast_4th_street']
Take a picture of gas_leak and avoid the active gas_leak will each happen at some point.;F photo_gas_leak & F avoid_active_gas_leak;['photo_gas_leak', 'avoid_active_gas_leak']
Photograph injured_rescuer and avoid the impending_gas_leak will each happen at some point.;F photo_injured_rescuer & F avoid_impending_gas_leak;['avoid_impending_gas_leak', 'photo_injured_rescuer']
Take a video of the person on east_8th_street and change light_east green will each happen at some point.;F record_person_east_8th_street & F change_light_east_green;['record_person_east_8th_street', 'change_light_east_green']
Photograph the collision on north_9th_street and change light_north yellow will each happen at some point.;F photo_collision_north_9th_street & F change_light_north_yellow;['change_light_north_yellow', 'photo_collision_north_9th_street']
Establish communication with the injured_victim and go_home will each happen at some point.;F communicate_injured_victim & F go_home;['communicate_injured_victim', 'go_home']
Deliver the toilet to the loading_dock and deliver the banana to the shelf will each happen at some point.;F deliver_toilet_loading_dock & F deliver_banana_shelf;['deliver_banana_shelf', 'deliver_toilet_loading_dock']
Search for the bus and get_help will each happen at some point.;F search_bus & F get_help;['get_help', 'search_bus']
Begin recording injured_person and record flood will each happen at some point.;F record_injured_person & F record_flood;['record_injured_person', 'record_flood']
Go home and avoid the impending_debris will each happen at some point.;F go_home & F avoid_impending_debris;['go_home', 'avoid_impending_debris']
Deliver aid to the injured_hostile and photo injured_civilian will each happen at some point.;F deliver_aid_injured_hostile & F photo_injured_civilian;['deliver_aid_injured_hostile', 'photo_injured_civilian']
Request assistance and record gas_leak will each happen at some point.;F get_help & F record_gas_leak;['get_help', 'record_gas_leak']
Record unstable_beam and photo safe_civilian will each happen at some point.;F record_unstable_beam & F photo_safe_civilian;['photo_safe_civilian', 'record_unstable_beam']
If deliver the sink to the loading_dock ever holds, pickup the scissors must have held beforehand.;F deliver_sink_loading_dock -> (!deliver_sink_loading_dock U (!deliver_sink_loading_dock & pickup_scissors));['pickup_scissors', 'deliver_sink_loading_dock']
If deliver the book to the loading_dock ever holds, pickup the toothbrush must have held beforehand.;F deliver_book_loading_dock -> (!deliver_book_loading_dock U (!deliver_book_loading_dock & pickup_toothbrush));['pickup_toothbrush', 'deliver_book_loading_dock']
If communicate the injured_rescuer ever holds, deliver_aid the injured_victim must have held beforehand.;F communicate_injured_rescuer -> (!communicate_injured_rescuer U (!communicate_injured_rescuer & deliver_aid_injured_victim));['communicate_injured_rescuer', 'deliver_aid_injured_victim']
If avoid the active_unstable_beam ever holds, communicate the injured_rescuer must have held beforehand.;F avoid_active_unstable_beam -> (!avoid_active_unstable_beam U (!avoid_active_unstable_beam & communicate_injured_rescuer));['communicate_injured_rescuer', 'avoid_active_unstable_beam']
If change light_west red ever holds, photo the cyclist on northwest_10th_street must have held beforehand.;F change_light_west_red -> (!change_light_west_red U (!change_light_west_red & photo_cyclist_northwest_10th_street));['change_light_west_red', 'photo_cyclist_northwest_10th_street']
If record the cyclist on southeast_10th_avenue ever holds, record the motorcycle on southwest_4th_avenue must have held beforehand.;F record_cyclist_southeast_10th_avenue -> (!record_cyclist_southeast_10th_avenue U (!record_cyclist_southeast_10th_avenue & record_motorcycle_southwest_4th_avenue));['record_motorcycle_southwest_4th_avenue', 'record_cyclist_southeast_10th_avenue']
If deliver the bird to the shelf ever holds, search the bench must have held beforehand.;F deliver_bird_shelf -> (!deliver_bird_shelf U (!deliver_bird_shelf & search_bench));['search_bench', 'deliver_bird_shelf']
If photo the vehicle on north_2nd_avenue ever holds, record the vehicle on northwest_2nd_street must have held beforehand.;F photo_vehicle_north_2nd_avenue -> (!photo_vehicle_north_2nd_avenue U (!photo_vehicle_north_2nd_avenue & record_vehicle_northwest_2nd_street));['photo_vehicle_north_2nd_avenue', 'record_vehicle_northwest_2nd_street']
If get_help ever holds, photo the jaywalker on southeast_4th_avenue must have held beforehand.;F get_help -> (!get_help U (!get_help & photo_jaywalker_southeast_4th_avenue));['get_help', 'photo_jaywalker_southeast_4th_avenue']
If get_help ever holds, photo the vehicle on south_3rd_street must have held beforehand.;F get_help -> (!get_help U (!get_help & photo_vehicle_south_3rd_street));['get_help', 'photo_vehicle_south_3rd_street']
If pickup the cell_phone ever holds, pickup the motorbike must have held beforehand.;F pickup_cell_phone -> (!pickup_cell_phone U (!pickup_cell_phone & pickup_motorbike));['pickup_cell_phone', 'pickup_motorbike']
If deliver the cake to the loading_dock ever holds, search the cake must have held beforehand.;F deliver_cake_loading_dock -> (!deliver_cake_loading_dock U (!deliver_cake_loading_dock & search_cake));['deliver_cake_loading_dock', 'search_cake']
If record safe_civilian ever holds, photo safe_civilian must have held beforehand.;F record_safe_civilian -> (!record_safe_civilian U (photo_safe_civilian & !record_safe_civilian));['photo_safe_civilian', 'record_safe_civilian']
If pickup the laptop ever holds, deliver the boat to the loading_dock must have held beforehand.;F pickup_laptop -> (!pickup_laptop U (deliver_boat_loading_dock & !pickup_laptop));['deliver_boat_loading_dock', 'pickup_laptop']
If record the car on west_1st_street ever holds, get_help must have held beforehand.;F record_car_west_1st_street -> (!record_car_west_1st_street U (get_help & !record_car_west_1st_street));['get_help', 'record_car_west_1st_street']
If search the laptop ever holds, pickup the toaster must have held beforehand.;F search_laptop -> (!search_laptop U (pickup_toaster & !search_laptop));['search_laptop', 'pickup_toaster']
If search the toothbrush ever holds, idle must have held beforehand.;F search_toothbrush -> (!search_toothbrush U (idle & !search_toothbrush));['idle', 'search_toothbrush']
If avoid the probable_gas_leak ever holds, avoid the impending_flood must have held beforehand.;F avoid_probable_gas_leak -> (!avoid_probable_gas_leak U (avoid_impending_flood & !avoid_probable_gas_leak));['avoid_probable_gas_leak', 'avoid_impending_flood']
If idle ever holds, deliver the zebra to the shelf must have held beforehand.;F idle -> (!idle U (deliver_zebra_shelf & !idle));['idle', 'deliver_zebra_shelf']
If get_help ever holds, deliver the tie to the loading_dock must have held beforehand.;F get_help -> (!get_help U (deliver_tie_loading_dock & !get_help));['get_help', 'deliver_tie_loading_dock']
If get_help ever holds, deliver the spoon to the shelf must have held beforehand.;F get_help -> (!get_help U (deliver_spoon_shelf & !get_help));['get_help', 'deliver_spoon_shelf']
If record the pedestrian on west_9th_street ever holds, get_help must have held beforehand.;F record_pedestrian_west_9th_street -> (!record_pedestrian_west_9th_street U (get_help & !record_pedestrian_west_9th_street));['get_help', 'record_pedestrian_west_9th_street']
If photo the person on southeast_10th_avenue ever holds, get_help must have held beforehand.;F photo_person_southeast_10th_avenue -> (!photo_person_southeast_10th_avenue U (get_help & !photo_person_southeast_10th_avenue));['get_help', 'photo_person_southeast_10th_avenue']
If pickup the aeroplane ever holds, get_help must have held beforehand.;F pickup_aeroplane -> (!pickup_aeroplane U (get_help & !pickup_aeroplane));['get_help', 'pickup_aeroplane']
Get help and photo the pedestrian on east_9th_avenue are mutually exclusive at all times.;G!(get_help & photo_pedestrian_east_9th_avenue);['get_help', 'photo_pedestrian_east_9th_avenue']
Globally, it is not the case that both deliver_aid the safe_hostile and get_help hold simultaneously.;G!(deliver_aid_safe_hostile & get_help);['get_help', 'deliver_aid_safe_hostile']
Record fire_source and avoid the nearest_gas_leak are mutually exclusive at all times.;G!(avoid_nearest_gas_leak & record_fire_source);['avoid_nearest_gas_leak', 'record_fire_source']
Look for the boat and get_help are mutually exclusive at all times.;G!(get_help & search_boat);['get_help', 'search_boat']
Globally, it is not the case that both avoid the active_gas_leak and record flood hold simultaneously.;G!(avoid_active_gas_leak & record_flood);['record_flood', 'avoid_active_gas_leak']
Record the cyclist on east_8th_avenue and get_help are mutually exclusive at all times.;G!(get_help & record_cyclist_east_8th_avenue);['get_help', 'record_cyclist_east_8th_avenue']
Globally, it is not the case that both photo the pedestrian on east_10th_avenue and change light_north red hold simultaneously.;G!(change_light_north_red & photo_pedestrian_east_10th_avenue);['change_light_north_red', 'photo_pedestrian_east_10th_avenue']
Set light_north yellow and get_help are mutually exclusive at all times.;G!(change_light_north_yellow & get_help);['get_help', 'change_light_north_yellow']
Globally, it is not the case that both pickup the giraffe and get_help hold simultaneously.;G!(get_help & pickup_giraffe);['get_help', 'pickup_giraffe']
Drop off the truck to the shelf and get_help are mutually exclusive at all times.;G!(deliver_truck_shelf & get_help);['get_help', 'deliver_truck_shelf']
Globally, it is not the case that both go_home and communicate the injured_hostile hold simultaneously.;G!(communicate_injured_hostile & go_home);['go_home', 'communicate_injured_hostile']
Globally, it is not the case that both record the jaywalker on northwest_6th_street and record the pedestrian on south_8th_avenue hold simultaneously.;G!(record_jaywalker_northwest_6th_street & record_pedestrian_south_8th_avenue);['record_jaywalker_northwest_6th_street', 'record_pedestrian_south_8th_avenue']
Photograph the pedestrian on east_1st_street and photo the cyclist on southeast_7th_street never coincide, yet one of them is always true.;G!(photo_cyclist_southeast_7th_street & photo_pedestrian_east_1st_street) & G(photo_cyclist_southeast_7th_street | photo_pedestrian_east_1st_street);['photo_cyclist_southeast_7th_street', 'photo_pedestrian_east_1st_street']
Take a picture of safe_person and record gas_leak never coincide, yet one of them is always true.;G!(photo_safe_person & record_gas_leak) & G(photo_safe_person | record_gas_leak);['record_gas_leak', 'photo_safe_person']
Wait and search the teddy-bear never coincide, yet one of them is always true.;G!(idle & search_teddy_bear) & G(idle | search_teddy_bear);['idle', 'search_teddy_bear']
Take a photo of the cyclist on west_9th_street and record the vehicle on south_5th_avenue never coincide, yet one of them is always true.;G!(photo_cyclist_west_9th_street & record_vehicle_south_5th_avenue) & G(photo_cyclist_west_9th_street | record_vehicle_south_5th_avenue);['photo_cyclist_west_9th_street', 'record_vehicle_south_5th_avenue']
Deliver the toilet to the shelf and search the donut never coincide, yet one of them is always true.;G!(deliver_toilet_shelf & search_donut) & G(deliver_toilet_shelf | search_donut);['search_donut', 'deliver_toilet_shelf']
Stand by and get_help never coincide, yet one of them is always true.;G!_get_help & idle& G_get_help | idle;['get_help', 'idle']
Update light_east yellow and record the person on southeast_2nd_avenue never coincide, yet one of them is always true.;G!(change_light_east_yellow & record_person_southeast_2nd_avenue) & G(change_light_east_yellow | record_person_southeast_2nd_avenue);['change_light_east_yellow', 'record_person_southeast_2nd_avenue']
Get help and photo unstable_beam never coincide, yet one of them is always true.;G!(get_help & photo_unstable_beam) & G(get_help | photo_unstable_beam);['get_help', 'photo_unstable_beam']
Drop off the toothbrush to the loading_dock and deliver the baseball_glove to the shelf never coincide, yet one of them is always true.;G!(deliver_baseball_glove_shelf & deliver_toothbrush_loading_dock) & G(deliver_baseball_glove_shelf | deliver_toothbrush_loading_dock);['deliver_toothbrush_loading_dock', 'deliver_baseball_glove_shelf']
Call for help and record debris never coincide, yet one of them is always true.;G!(get_help & record_debris) & G(get_help | record_debris);['get_help', 'record_debris']
Set light_west green and get_help never coincide, yet one of them is always true.;G!(change_light_west_green & get_help) & G(change_light_west_green | get_help);['get_help', 'change_light_west_green']
Take a picture of the pedestrian on northwest_7th_street and record the pedestrian on southwest_4th_street never coincide, yet one of them is always true.;G!(photo_pedestrian_northwest_7th_street & record_pedestrian_southwest_4th_street) & G(photo_pedestrian_northwest_7th_street | record_pedestrian_southwest_4th_street);['record_pedestrian_southwest_4th_street', 'photo_pedestrian_northwest_7th_street']
Our agent must always avoid pickuping the remote.;G!pickup_remote;['pickup_remote']
You must always avoid photoing the vehicle on east_1st_avenue.;G!photo_vehicle_east_1st_avenue;['photo_vehicle_east_1st_avenue']
The robot must always avoid pickup the boat.;G!pickup_boat;['pickup_boat']
Our agent must always avoid delivering aid to the safe_rescuer.;G!deliver_aid_safe_rescuer;['deliver_aid_safe_rescuer']
Our agent must always avoid photoing the motorcycle on north_5th_street.;G!photo_motorcycle_north_5th_street;['photo_motorcycle_north_5th_street']
You must always avoid returning home.;G!go_home;['go_home']
Our agent must always avoid pickuping the mouse.;G!pickup_mouse;['pickup_mouse']
The robot must always avoid searching for the baseball_glove.;G!search_baseball_glove;['search_baseball_glove']
You must always avoid pickuping the aeroplane.;G!pickup_aeroplane;['pickup_aeroplane']
The robot must always avoid picking up the horse.;G!pickup_horse;['pickup_horse']
This controller must always avoid recording gas_leak.;G!record_gas_leak;['record_gas_leak']
The system must always avoid photoing the cyclist on east_1st_street.;G!photo_cyclist_east_1st_street;['photo_cyclist_east_1st_street']
Whenever neither pickup the truck nor get_help holds, search the banana eventually holds.;G(!(get_help & pickup_truck) -> F search_banana);['get_help', 'pickup_truck', 'search_banana']
Whenever neither deliver_aid the injured_hostile nor get_help holds, communicate the safe_rescuer eventually holds.;G(!(deliver_aid_injured_hostile & get_help) -> F communicate_safe_rescuer);['get_help', 'deliver_aid_injured_hostile', 'communicate_safe_rescuer']
Whenever neither communicate the safe_victim nor go_home holds, get_help eventually holds.;G(!(communicate_safe_victim & go_home) -> F get_help);['get_help', 'go_home', 'communicate_safe_victim']
Whenever neither record unstable_beam nor go_home holds, communicate the safe_rescuer eventually holds.;G(!(go_home & record_unstable_beam) -> F communicate_safe_rescuer);['go_home', 'communicate_safe_rescuer', 'record_unstable_beam']
Whenever neither change light_south red nor record the pedestrian on southeast_10th_street holds, change light_west green eventually holds.;G(!(change_light_south_red & record_pedestrian_southeast_10th_street) -> F change_light_west_green);['change_light_south_red', 'change_light_west_green', 'record_pedestrian_southeast_10th_street']
Whenever neither get_help nor photo the vehicle on northeast_6th_street holds, change light_east yellow eventually holds.;G(!(get_help & photo_vehicle_northeast_6th_street) -> F change_light_east_yellow);['get_help', 'change_light_east_yellow', 'photo_vehicle_northeast_6th_street']
Whenever neither photo the pedestrian on southwest_4th_avenue nor record the collision on north_8th_street holds, get_help eventually holds.;G(!(photo_pedestrian_southwest_4th_avenue & record_collision_north_8th_street) -> F get_help);['get_help', 'record_collision_north_8th_street', 'photo_pedestrian_southwest_4th_avenue']
Whenever neither deliver_aid the injured_rescuer nor communicate the injured_hostile holds, get_help eventually holds.;G(!(communicate_injured_hostile & deliver_aid_injured_rescuer) -> F get_help);['get_help', 'deliver_aid_injured_rescuer', 'communicate_injured_hostile']
Whenever neither deliver_aid the injured_rescuer nor deliver_aid the safe_rescuer holds, avoid the inactive_unstable_beam eventually holds.;G(!(deliver_aid_injured_rescuer & deliver_aid_safe_rescuer) -> F avoid_inactive_unstable_beam);['deliver_aid_injured_rescuer', 'deliver_aid_safe_rescuer', 'avoid_inactive_unstable_beam']
Whenever neither go_home nor photo flood holds, deliver_aid the safe_hostile eventually holds.;G(!(go_home & photo_flood) -> F deliver_aid_safe_hostile);['go_home', 'deliver_aid_safe_hostile', 'photo_flood']
Whenever neither idle nor search the bowl holds, deliver the skateboard to the loading_dock eventually holds.;G(!(idle & search_bowl) -> F deliver_skateboard_loading_dock);['idle', 'search_bowl', 'deliver_skateboard_loading_dock']
Whenever neither change light_east green nor get_help holds, record the motorcycle on southeast_2nd_avenue eventually holds.;G(!(change_light_east_green & get_help) -> F record_motorcycle_southeast_2nd_avenue);['get_help', 'change_light_east_green', 'record_motorcycle_southeast_2nd_avenue']
If deliver_aid the safe_rescuer holds and communicate the safe_victim holds next, then communicate the injured_hostile holds in the step after that.;G((deliver_aid_safe_rescuer & X communicate_safe_victim) -> XX communicate_injured_hostile);['communicate_safe_victim', 'deliver_aid_safe_rescuer', 'communicate_injured_hostile']
If get_help holds and pickup the umbrella holds next, then pickup the bear holds in the step after that.;G((get_help & X pickup_umbrella) -> XX pickup_bear);['get_help', 'pickup_bear', 'pickup_umbrella']
If photo the cyclist on north_7th_avenue holds and photo the motorcycle on southwest_4th_avenue holds next, then get_help holds in the step after that.;G((photo_cyclist_north_7th_avenue & X photo_motorcycle_southwest_4th_avenue) -> XX get_help);['get_help', 'photo_cyclist_north_7th_avenue', 'photo_motorcycle_southwest_4th_avenue']
If get_help holds and pickup the teddy-bear holds next, then pickup the spoon holds in the step after that.;G((get_help & X pickup_teddy_bear) -> XX pickup_spoon);['get_help', 'pickup_spoon', 'pickup_teddy_bear']
If photo injured_rescuer holds and record flood holds next, then communicate the injured_rescuer holds in the step after that.;G((photo_injured_rescuer & X record_flood) -> XX communicate_injured_rescuer);['communicate_injured_rescuer', 'record_flood', 'photo_injured_rescuer']
If communicate the injured_victim holds and communicate the injured_hostile holds next, then communicate the safe_hostile holds in the step after that.;G((communicate_injured_victim & X communicate_injured_hostile) -> XX communicate_safe_hostile);['communicate_injured_victim', 'communicate_injured_hostile', 'communicate_safe_hostile']
If deliver the orange to the shelf holds and deliver the bear to the loading_dock holds next, then pickup the surfboard holds in the step after that.;G((deliver_orange_shelf & X deliver_bear_loading_dock) -> XX pickup_surfboard);['deliver_orange_shelf', 'deliver_bear_loading_dock', 'pickup_surfboard']
If photo safe_rescuer holds and go_home holds next, then avoid the inactive_fire_source holds in the step after that.;G((photo_safe_rescuer & X go_home) -> XX avoid_inactive_fire_source);['go_home', 'photo_safe_rescuer', 'avoid_inactive_fire_source']
If record the vehicle on northwest_3rd_street holds and change light_east red holds next, then record the pedestrian on northwest_6th_avenue holds in the step after that.;G((record_vehicle_northwest_3rd_street & X change_light_east_red) -> XX record_pedestrian_northwest_6th_avenue);['change_light_east_red', 'record_pedestrian_northwest_6th_avenue', 'record_vehicle_northwest_3rd_street']
If avoid the impending_fire_source holds and communicate the safe_victim holds next, then communicate the injured_victim holds in the step after that.;G((avoid_impending_fire_source & X communicate_safe_victim) -> XX communicate_injured_victim);['communicate_injured_victim', 'communicate_safe_victim', 'avoid_impending_fire_source']
If get_help holds and change light_west red holds next, then photo the cyclist on southeast_7th_avenue holds in the step after that.;G((get_help & X change_light_west_red) -> XX photo_cyclist_southeast_7th_avenue);['get_help', 'change_light_west_red', 'photo_cyclist_southeast_7th_avenue']
If idle holds and deliver the carrot to the shelf holds next, then search the sheep holds in the step after that.;G((idle & X deliver_carrot_shelf) -> XX search_sheep);['idle', 'search_sheep', 'deliver_carrot_shelf']
Whenever get_help and pickup the bicycle are equal, pickup the bicycle and pickup the clock are equal as well.;G((get_help <-> pickup_bicycle) -> (pickup_bicycle <-> pickup_clock));['get_help', 'pickup_clock', 'pickup_bicycle']
Whenever record unsafe_victim and communicate the injured_hostile are equal, communicate the injured_hostile and communicate the injured_rescuer are equal as well.;G((communicate_injured_hostile <-> record_unsafe_victim) -> (communicate_injured_hostile <-> communicate_injured_rescuer));['communicate_injured_rescuer', 'communicate_injured_hostile', 'record_unsafe_victim']
Whenever search the frisbee and pickup the train are equal, pickup the train and idle are equal as well.;G((pickup_train <-> search_frisbee) -> (idle <-> pickup_train));['idle', 'search_frisbee', 'pickup_train']
Whenever avoid the probable_fire_source and get_help are equal, get_help and photo safe_rescuer are equal as well.;G((avoid_probable_fire_source <-> get_help) -> (get_help <-> photo_safe_rescuer));['get_help', 'photo_safe_rescuer', 'avoid_probable_fire_source']
Whenever get_help and search the toilet are equal, search the toilet and idle are equal as well.;G((get_help <-> search_toilet) -> (idle <-> search_toilet));['get_help', 'idle', 'search_toilet']
Whenever change light_west red and record the jaywalker on east_10th_street are equal, record the jaywalker on east_10th_street and record the person on southeast_3rd_street are equal as well.;G((change_light_west_red <-> record_jaywalker_east_10th_street) -> (record_jaywalker_east_10th_street <-> record_person_southeast_3rd_street));['change_light_west_red', 'record_jaywalker_east_10th_street', 'record_person_southeast_3rd_street']
Whenever deliver_aid the injured_victim and avoid the probable_flood are equal, avoid the probable_flood and go_home are equal as well.;G((avoid_probable_flood <-> deliver_aid_injured_victim) -> (avoid_probable_flood <-> go_home));['avoid_probable_flood', 'go_home', 'deliver_aid_injured_victim']
Whenever record the vehicle on north_6th_avenue and photo the motorcycle on northwest_9th_avenue are equal, photo the motorcycle on northwest_9th_avenue and get_help are equal as well.;G((photo_motorcycle_northwest_9th_avenue <-> record_vehicle_north_6th_avenue) -> (get_help <-> photo_motorcycle_northwest_9th_avenue));['get_help', 'record_vehicle_north_6th_avenue', 'photo_motorcycle_northwest_9th_avenue']
Whenever pickup the giraffe and get_help are equal, get_help and pickup the knife are equal as well.;G((get_help <-> pickup_giraffe) -> (get_help <-> pickup_knife));['get_help', 'pickup_giraffe', 'pickup_knife']
Whenever record the collision on northwest_9th_street and record the vehicle on north_8th_avenue are equal, record the vehicle on north_8th_avenue and get_help are equal as well.;G((record_collision_northwest_9th_street <-> record_vehicle_north_8th_avenue) -> (get_help <-> record_vehicle_north_8th_avenue));['get_help', 'record_collision_northwest_9th_street', 'record_vehicle_north_8th_avenue']
Whenever photo fire_source and get_help are equal, get_help and photo unsafe_person are equal as well.;G((get_help <-> photo_fire_source) -> (get_help <-> photo_unsafe_person));['get_help', 'photo_unsafe_person', 'photo_fire_source']
Whenever record the car on east_2nd_street and photo the pedestrian on southeast_8th_street are equal, photo the pedestrian on southeast_8th_street and change light_north green are equal as well.;G((photo_pedestrian_southeast_8th_street <-> record_car_east_2nd_street) -> (change_light_north_green <-> photo_pedestrian_southeast_8th_street));['change_light_north_green', 'photo_pedestrian_southeast_8th_street', 'record_car_east_2nd_street']
Our agent must always maintain both change light_east yellow and get_help.;G(change_light_east_yellow & get_help);['get_help', 'change_light_east_yellow']
You must always maintain both get_help and record the pedestrian on east_1st_street.;G(get_help & record_pedestrian_east_1st_street);['get_help', 'record_pedestrian_east_1st_street']
Both record the car on southeast_5th_street and record the jaywalker on southwest_7th_avenue hold at every step.;G(record_car_southeast_5th_street & record_jaywalker_southwest_7th_avenue);['record_car_southeast_5th_street', 'record_jaywalker_southwest_7th_avenue']
This controller must always maintain both get_help and pickup the donut.;G(get_help & pickup_donut);['get_help', 'pickup_donut']
Both record unstable_beam and photo injured_rescuer hold at every step.;G(photo_injured_rescuer & record_unstable_beam);['record_unstable_beam', 'photo_injured_rescuer']
Our agent must always maintain both search the bird and deliver the donut to the shelf.;G(deliver_donut_shelf & search_bird);['search_bird', 'deliver_donut_shelf']
Both get_help and search the surfboard hold at every step.;G(get_help & search_surfboard);['get_help', 'search_surfboard']
Both idle and search the knife hold at every step.;G(idle & search_knife);['idle', 'search_knife']
The system must always maintain both pickup the teddy-bear and get_help.;G(get_help & pickup_teddy_bear);['get_help', 'pickup_teddy_bear']
This controller must always maintain both photo the jaywalker on north_5th_street and record the collision on east_3rd_street.;G(photo_jaywalker_north_5th_street & record_collision_east_3rd_street);['photo_jaywalker_north_5th_street', 'record_collision_east_3rd_street']
Our agent must always maintain both pickup the elephant and deliver the stop_sign to the loading_dock.;G(deliver_stop_sign_loading_dock & pickup_elephant);['pickup_elephant', 'deliver_stop_sign_loading_dock']
Both record the person on southwest_7th_avenue and get_help hold at every step.;G(get_help & record_person_southwest_7th_avenue);['get_help', 'record_person_southwest_7th_avenue']
When avoid the probable_unstable_beam happens, communicate the safe_hostile must hold now or in the next step.;G(avoid_probable_unstable_beam -> (communicate_safe_hostile | X communicate_safe_hostile));['communicate_safe_hostile', 'avoid_probable_unstable_beam']
When photo the car on southeast_8th_street happens, photo the vehicle on southeast_7th_avenue must hold now or in the next step.;G(photo_car_southeast_8th_street -> (photo_vehicle_southeast_7th_avenue | X photo_vehicle_southeast_7th_avenue));['photo_car_southeast_8th_street', 'photo_vehicle_southeast_7th_avenue']
When get_help happens, change light_north red must hold now or in the next step.;G(get_help -> (change_light_north_red | X change_light_north_red));['get_help', 'change_light_north_red']
When idle happensing, deliver the sheep to the shelf must hold now or in the next step.;G(idle -> (deliver_sheep_shelf | X deliver_sheep_shelf));['idle', 'deliver_sheep_shelf']
When get_help happens, deliver the book to the shelf must hold now or in the next step.;G(get_help -> (deliver_book_shelf | X deliver_book_shelf));['get_help', 'deliver_book_shelf']
When get_help happens, pickup the carrot must hold now or in the next step.;G(get_help -> (pickup_carrot | X pickup_carrot));['get_help', 'pickup_carrot']
When deliver_aid the injured_victim happens, deliver_aid the safe_rescuer must hold now or in the next step.;G(deliver_aid_injured_victim -> (deliver_aid_safe_rescuer | X deliver_aid_safe_rescuer));['deliver_aid_injured_victim', 'deliver_aid_safe_rescuer']
When search the snowboard happens, idle must hold now or in the next step.;G(search_snowboard->_idle | X idle);['idle', 'search_snowboard']
When get_help happens, record safe_person must hold now or in the next step.;G(get_help -> (record_safe_person | X record_safe_person));['get_help', 'record_safe_person']
When communicate the injured_hostile happens, deliver_aid the injured_victim must hold now or in the next step.;G(communicate_injured_hostile -> (deliver_aid_injured_victim | X deliver_aid_injured_victim));['deliver_aid_injured_victim', 'communicate_injured_hostile']
When deliver_aid the injured_victim happens, avoid the inactive_debris must hold now or in the next step.;G(deliver_aid_injured_victim -> (avoid_inactive_debris | X avoid_inactive_debris));['deliver_aid_injured_victim', 'avoid_inactive_debris']
When go_home happens, record flood must hold now or in the next step.;G(go_home -> (record_flood | X record_flood));['go_home', 'record_flood']
Whenever photo the motorcycle on north_4th_avenue holds, eventually photo the jaywalker on northeast_10th_street will hold.;G(photo_motorcycle_north_4th_avenue -> F photo_jaywalker_northeast_10th_street);['photo_motorcycle_north_4th_avenue', 'photo_jaywalker_northeast_10th_street']
Whenever pickup the book holds, eventually idle will hold.;G(pickup_book -> F idle);['idle', 'pickup_book']
Globally, if record unsafe_person occurs then finally avoid the impending_gas_leak happens.;G(record_unsafe_person -> F avoid_impending_gas_leak);['avoid_impending_gas_leak', 'record_unsafe_person']
Whenever communicate the injured_victim holds, eventually go_home will hold.;G(communicate_injured_victim -> F go_home);['communicate_injured_victim', 'go_home']
Whenever deliver_aid the injured_victim holds, eventually go_home will hold.;G(deliver_aid_injured_victim -> F go_home);['go_home', 'deliver_aid_injured_victim']
Whenever deliver_aid the injured_victim holds, eventually photo fire_source will hold.;G(deliver_aid_injured_victim -> F photo_fire_source);['deliver_aid_injured_victim', 'photo_fire_source']
Globally, if change light_north green occurs then finally record the collision on west_9th_avenue happens.;G(change_light_north_green -> F record_collision_west_9th_avenue);['change_light_north_green', 'record_collision_west_9th_avenue']
Globally, if get_help occurs then finally photo fire_source happens.;G(get_help -> F photo_fire_source);['get_help', 'photo_fire_source']
Whenever deliver the dining_table to the loading_dock holds, eventually idle will hold.;G(deliver_dining_table_loading_dock -> F idle);['idle', 'deliver_dining_table_loading_dock']
Globally, if idle occursing then finally get_help happens.;G_idle -> F get_help;['get_help', 'idle']
Whenever get_help holds, eventually change light_west red will hold.;G(get_help -> F change_light_west_red);['get_help', 'change_light_west_red']
Whenever search the horse holds, eventually idle will hold.;G(search_horse -> F idle);['idle', 'search_horse']
If every go_home is eventually followed by begining recording unsafe_victim, then get_help must occur infinitely often.;G(go_home -> F record_unsafe_victim) -> GF get_help;['get_help', 'go_home', 'record_unsafe_victim']
If every get_help is eventually followed by changeing light_west green, then change light_west yellow must occur infinitely often.;G(get_help -> F change_light_west_green) -> GF change_light_west_yellow;['get_help', 'change_light_west_yellow', 'change_light_west_green']
If every go_home is eventually followed by staying away from the nearest_fire_source, then deliver_aid the injured_rescuer must occur infinitely often.;G(go_home -> F avoid_nearest_fire_source) -> GF deliver_aid_injured_rescuer;['go_home', 'deliver_aid_injured_rescuer', 'avoid_nearest_fire_source']
If every record injured_person is eventually followed by going home, then photo debris must occur infinitely often.;G(record_injured_person -> F go_home) -> GF photo_debris;['go_home', 'record_injured_person', 'photo_debris']
If every search the traffic_light is eventually followed by pickup the skateboard, then search the giraffe must occur infinitely often.;G(search_traffic_light -> F pickup_skateboard) -> GF search_giraffe;['search_giraffe', 'pickup_skateboard', 'search_traffic_light']
If every go_home is eventually followed by calling for help, then deliver_aid the safe_hostile must occur infinitely often.;G_go_home -> F get_help -> GF deliver_aid_safe_hostile;['get_help', 'go_home', 'deliver_aid_safe_hostile']
If every get_help is eventually followed by establishing communication with the injured_hostile, then deliver_aid the safe_hostile must occur infinitely often.;G(get_help -> F communicate_injured_hostile) -> GF deliver_aid_safe_hostile;['get_help', 'deliver_aid_safe_hostile', 'communicate_injured_hostile']
If every pickup the teddy-bear is eventually followed by remaining still, then deliver the toaster to the shelf must occur infinitely often.;G(pickup_teddy_bear -> F idle) -> GF deliver_toaster_shelf;['idle', 'deliver_toaster_shelf', 'pickup_teddy_bear']
If every change light_north green is eventually followed by changeing light_south red, then change light_west red must occur infinitely often.;G(change_light_north_green -> F change_light_south_red) -> GF change_light_west_red;['change_light_west_red', 'change_light_south_red', 'change_light_north_green']
If every pickup the toaster is eventually followed by picking up the refrigerator, then get_help must occur infinitely often.;G(pickup_toaster -> F pickup_refrigerator) -> GF get_help;['get_help', 'pickup_toaster', 'pickup_refrigerator']
If every communicate the safe_victim is eventually followed by recording safe_rescuer, then avoid the active_fire_source must occur infinitely often.;G(communicate_safe_victim -> F record_safe_rescuer) -> GF avoid_active_fire_source;['communicate_safe_victim', 'record_safe_rescuer', 'avoid_active_fire_source']
If every get_help is eventually followed by going back to base, then record unstable_beam must occur infinitely often.;G_get_help -> F go_home -> GF record_unstable_beam;['get_help', 'go_home', 'record_unstable_beam']
Whenever change light_west yellow holds, from the next step onwards change light_east green will eventually hold.;G(change_light_west_yellow -> XF change_light_east_green);['change_light_west_yellow', 'change_light_east_green']
Whenever deliver the bird to the loading_dock holds, from the next step onwards pickup the stop_sign will eventually hold.;G(deliver_bird_loading_dock -> XF pickup_stop_sign);['deliver_bird_loading_dock', 'pickup_stop_sign']
Whenever get_help holds, from the next step onwards photo the pedestrian on north_9th_street will eventually hold.;G(get_help -> XF photo_pedestrian_north_9th_street);['get_help', 'photo_pedestrian_north_9th_street']
Whenever deliver the cake to the shelf holds, from the next step onwards get_help will eventually hold.;G(deliver_cake_shelf -> XF get_help);['get_help', 'deliver_cake_shelf']
Whenever deliver the sofa to the loading_dock holds, from the next step onwards pickup the chair will eventually hold.;G(deliver_sofa_loading_dock -> XF pickup_chair);['pickup_chair', 'deliver_sofa_loading_dock']
Whenever search the bowl holds, from the next step onwards search the apple will eventually hold.;G(search_bowl -> XF search_apple);['search_bowl', 'search_apple']
Whenever deliver the elephant to the loading_dock holds, from the next step onwards search the elephant will eventually hold.;G(deliver_elephant_loading_dock -> XF search_elephant);['search_elephant', 'deliver_elephant_loading_dock']
Whenever change light_north yellow holds, from the next step onwards get_help will eventually hold.;G(change_light_north_yellow -> XF get_help);['get_help', 'change_light_north_yellow']
Whenever photo safe_civilian holds, from the next step onwards photo unsafe_victim will eventually hold.;G(photo_safe_civilian -> XF photo_unsafe_victim);['photo_safe_civilian', 'photo_unsafe_victim']
Whenever record injured_rescuer holds, from the next step onwards record unstable_beam will eventually hold.;G(record_injured_rescuer -> XF record_unstable_beam);['record_injured_rescuer', 'record_unstable_beam']
Whenever get_help holds, from the next step onwards photo the person on northeast_7th_street will eventually hold.;G(get_help -> XF photo_person_northeast_7th_street);['get_help', 'photo_person_northeast_7th_street']
Whenever search the sandwich holds, from the next step onwards search the frisbee will eventually hold.;G(search_sandwich -> XF search_frisbee);['search_frisbee', 'search_sandwich']
Once deliver the bed to the loading_dock has occurred, search the wine_glass will never occur again.;G(deliver_bed_loading_dock -> XG!search_wine_glass);['search_wine_glass', 'deliver_bed_loading_dock']
Once photo the jaywalker on northeast_1st_street has occurred, photo the motorcycle on west_6th_street will never occur again.;G(photo_jaywalker_northeast_1st_street -> XG!photo_motorcycle_west_6th_street);['photo_motorcycle_west_6th_street', 'photo_jaywalker_northeast_1st_street']
Once get_help has occurred, pickup the tie will never occur again.;G(get_help -> XG!pickup_tie);['get_help', 'pickup_tie']
Once change light_north yellow has occurred, photo the vehicle on south_2nd_street will never occur again.;G(change_light_north_yellow -> XG!photo_vehicle_south_2nd_street);['change_light_north_yellow', 'photo_vehicle_south_2nd_street']
Once get_help has occurred, pickup the parking_meter will never occur again.;G(get_help -> XG!pickup_parking_meter);['get_help', 'pickup_parking_meter']
Once photo unsafe_civilian has occurred, go_home will never occur again.;G(photo_unsafe_civilian -> XG!go_home);['go_home', 'photo_unsafe_civilian']
Once get_help has occurred, change light_east red will never occur again.;G(get_help -> XG!change_light_east_red);['get_help', 'change_light_east_red']
Once get_help has occurred, deliver the refrigerator to the shelf will never occur again.;G(get_help -> XG!deliver_refrigerator_shelf);['get_help', 'deliver_refrigerator_shelf']
Once avoid the inactive_flood has occurred, record safe_civilian will never occur again.;G(avoid_inactive_flood -> XG!record_safe_civilian);['record_safe_civilian', 'avoid_inactive_flood']
Once get_help has occurred, change light_south green will never occur again.;G(get_help -> XG!change_light_south_green);['get_help', 'change_light_south_green']
Once idle has occurred, get_help will never occur again.;G_idle -> XG!get_help;['get_help', 'idle']
Once get_help has occurred, deliver_aid the injured_victim will never occur again.;G(get_help -> XG!deliver_aid_injured_victim);['get_help', 'deliver_aid_injured_victim']
Whenever communicate the safe_victim holds, photo unstable_beam holds exactly three steps later.;G(communicate_safe_victim -> XXX photo_unstable_beam);['communicate_safe_victim', 'photo_unstable_beam']
Whenever record gas_leak holds, photo unstable_beam holds exactly three steps later.;G(record_gas_leak -> XXX photo_unstable_beam);['record_gas_leak', 'photo_unstable_beam']
Whenever pickup the kite holds, pickup the backpack holds exactly three steps later.;G(pickup_kite -> XXX pickup_backpack);['pickup_kite', 'pickup_backpack']
Whenever get_help holds, record the cyclist on north_1st_street holds exactly three steps later.;G(get_help -> XXX record_cyclist_north_1st_street);['get_help', 'record_cyclist_north_1st_street']
Whenever avoid the probable_fire_source holds, communicate the injured_hostile holds exactly three steps later.;G(avoid_probable_fire_source -> XXX communicate_injured_hostile);['communicate_injured_hostile', 'avoid_probable_fire_source']
Whenever photo the jaywalker on east_6th_street holds, record the car on north_9th_avenue holds exactly three steps later.;G(photo_jaywalker_east_6th_street -> XXX record_car_north_9th_avenue);['photo_jaywalker_east_6th_street', 'record_car_north_9th_avenue']
Whenever avoid the nearest_debris holds, communicate the safe_hostile holds exactly three steps later.;G(avoid_nearest_debris -> XXX communicate_safe_hostile);['avoid_nearest_debris', 'communicate_safe_hostile']
Whenever get_help holds, avoid the impending_gas_leak holds exactly three steps later.;G(get_help -> XXX avoid_impending_gas_leak);['get_help', 'avoid_impending_gas_leak']
Whenever photo the jaywalker on south_1st_street holds, record the collision on southeast_5th_avenue holds exactly three steps later.;G(photo_jaywalker_south_1st_street -> XXX record_collision_southeast_5th_avenue);['record_collision_southeast_5th_avenue', 'photo_jaywalker_south_1st_street']
Whenever photo injured_rescuer holds, photo unstable_beam holds exactly three steps later.;G(photo_injured_rescuer -> XXX photo_unstable_beam);['photo_unstable_beam', 'photo_injured_rescuer']
Whenever get_help holds, record debris holds exactly three steps later.;G(get_help -> XXX record_debris);['get_help', 'record_debris']
Whenever go_home holds, communicate the safe_rescuer holds exactly three steps later.;G(go_home -> XXX communicate_safe_rescuer);['go_home', 'communicate_safe_rescuer']
Every go_home is directly followed by delivering aid to the injured_hostile in the next step.;G(go_home -> X deliver_aid_injured_hostile);['go_home', 'deliver_aid_injured_hostile']
Every get_help is directly followed by deliver the bed to the loading_dock in the next step.;G(get_help -> X deliver_bed_loading_dock);['get_help', 'deliver_bed_loading_dock']
Every change light_west red is directly followed by change light_north yellow in the next step.;G(change_light_west_red -> X change_light_north_yellow);['change_light_west_red', 'change_light_north_yellow']
Every record the vehicle on southwest_1st_street is directly followed by changeing light_south green in the next step.;G(record_vehicle_southwest_1st_street -> X change_light_south_green);['change_light_south_green', 'record_vehicle_southwest_1st_street']
Every get_help is directly followed by droping off the zebra to the loading_dock in the next step.;G(get_help -> X deliver_zebra_loading_dock);['get_help', 'deliver_zebra_loading_dock']
Every deliver_aid the injured_rescuer is directly followed by begining recording unsafe_rescuer in the next step.;G(deliver_aid_injured_rescuer -> X record_unsafe_rescuer);['deliver_aid_injured_rescuer', 'record_unsafe_rescuer']
Every change light_east red is directly followed by geting help in the next step.;G(change_light_east_red -> X get_help);['get_help', 'change_light_east_red']
Every communicate the injured_hostile is directly followed by talking to the safe_rescuer in the next step.;G(communicate_injured_hostile -> X communicate_safe_rescuer);['communicate_safe_rescuer', 'communicate_injured_hostile']
Every communicate the safe_victim is directly followed by calling for help in the next step.;G(communicate_safe_victim -> X get_help);['get_help', 'communicate_safe_victim']
Every get_help is directly followed by standing by in the next step.;G_get_help -> X idle;['get_help', 'idle']
Every deliver the boat to the loading_dock is directly followed by pickuping the traffic_light in the next step.;G(deliver_boat_loading_dock -> X pickup_traffic_light);['pickup_traffic_light', 'deliver_boat_loading_dock']
Every deliver_aid the injured_rescuer is directly followed by geting help in the next step.;G(deliver_aid_injured_rescuer -> X get_help);['get_help', 'deliver_aid_injured_rescuer']
Whenever go_home holds, avoid the nearest_flood holds as well.;G(go_home -> avoid_nearest_flood);['go_home', 'avoid_nearest_flood']
Whenever record safe_victim holds, photo unsafe_civilian holds as well.;G(record_safe_victim -> photo_unsafe_civilian);['record_safe_victim', 'photo_unsafe_civilian']
Whenever photo the jaywalker on northwest_5th_avenue holds, change light_north red holds as well.;G(photo_jaywalker_northwest_5th_avenue -> change_light_north_red);['change_light_north_red', 'photo_jaywalker_northwest_5th_avenue']
Whenever record the collision on east_6th_avenue holds, get_help holds as well.;G(record_collision_east_6th_avenue -> get_help);['get_help', 'record_collision_east_6th_avenue']
Whenever pickup the surfboard holds, idle holds as well.;G(pickup_surfboard -> idle);['idle', 'pickup_surfboard']
Whenever pickup the person holds, pickup the cow holds as well.;G(pickup_person -> pickup_cow);['pickup_cow', 'pickup_person']
Whenever get_help holds, photo fire_source holds as well.;G(get_help -> photo_fire_source);['get_help', 'photo_fire_source']
Whenever go_home holds, avoid the inactive_flood holds as well.;G(go_home -> avoid_inactive_flood);['go_home', 'avoid_inactive_flood']
Whenever photo the collision on south_9th_street holds, record the jaywalker on southeast_2nd_avenue holds as well.;G(photo_collision_south_9th_street -> record_jaywalker_southeast_2nd_avenue);['photo_collision_south_9th_street', 'record_jaywalker_southeast_2nd_avenue']
Whenever deliver the dining_table to the shelf holds, get_help holds as well.;G(deliver_dining_table_shelf -> get_help);['get_help', 'deliver_dining_table_shelf']
Whenever change light_west red holds, record the collision on northeast_10th_avenue holds as well.;G(change_light_west_red -> record_collision_northeast_10th_avenue);['change_light_west_red', 'record_collision_northeast_10th_avenue']
Whenever record the cyclist on north_5th_street holds, get_help holds as well.;G(record_cyclist_north_5th_street -> get_help);['get_help', 'record_cyclist_north_5th_street']
At every step, record the pedestrian on north_5th_avenue equals the value of change light_east green in the next step.;G(record_pedestrian_north_5th_avenue <-> X change_light_east_green);['change_light_east_green', 'record_pedestrian_north_5th_avenue']
At every step, pickup the refrigerator equals the value of search the bed in the next step.;G(pickup_refrigerator <-> X search_bed);['search_bed', 'pickup_refrigerator']
At every step, change light_north yellow equals the value of record the cyclist on west_1st_avenue in the next step.;G(change_light_north_yellow <-> X record_cyclist_west_1st_avenue);['change_light_north_yellow', 'record_cyclist_west_1st_avenue']
At every step, photo injured_victim equals the value of communicate the safe_rescuer in the next step.;G(photo_injured_victim <-> X communicate_safe_rescuer);['photo_injured_victim', 'communicate_safe_rescuer']
At every step, record the cyclist on west_10th_avenue equals the value of change light_north yellow in the next step.;G(record_cyclist_west_10th_avenue <-> X change_light_north_yellow);['change_light_north_yellow', 'record_cyclist_west_10th_avenue']
At every step, avoid the probable_flood equals the value of go_home in the next step.;G(avoid_probable_flood <-> X go_home);['avoid_probable_flood', 'go_home']
At every step, avoid the active_flood equals the value of communicate the safe_victim in the next step.;G(avoid_active_flood <-> X communicate_safe_victim);['communicate_safe_victim', 'avoid_active_flood']
At every step, change light_south green equals the value of photo the collision on southwest_6th_street in the next step.;G(change_light_south_green <-> X photo_collision_southwest_6th_street);['change_light_south_green', 'photo_collision_southwest_6th_street']
At every step, get_help equals the value of photo the motorcycle on southeast_1st_street in the next step.;G(get_help <-> X photo_motorcycle_southeast_1st_street);['get_help', 'photo_motorcycle_southeast_1st_street']
At every step, communicate the safe_rescuer equals the value of photo unsafe_rescuer in the next step.;G(communicate_safe_rescuer <-> X photo_unsafe_rescuer);['communicate_safe_rescuer', 'photo_unsafe_rescuer']
At every step, search the spoon equals the value of deliver the wine_glass to the shelf in the next step.;G(search_spoon <-> X deliver_wine_glass_shelf);['search_spoon', 'deliver_wine_glass_shelf']
At every step, get_help equals the value of photo injured_person in the next step.;G(get_help <-> X photo_injured_person);['get_help', 'photo_injured_person']
This controller must always have either change light_east green or record the person on east_9th_street.;G(change_light_east_green | record_person_east_9th_street);['change_light_east_green', 'record_person_east_9th_street']
The system must always have either deliver the laptop to the loading_dock or search the keyboard.;G(deliver_laptop_loading_dock | search_keyboard);['search_keyboard', 'deliver_laptop_loading_dock']
This controller must always have either photo the collision on north_1st_avenue or photo the motorcycle on east_9th_street.;G(photo_collision_north_1st_avenue | photo_motorcycle_east_9th_street);['photo_motorcycle_east_9th_street', 'photo_collision_north_1st_avenue']
The system must always have either get_help or change light_east red.;G(change_light_east_red | get_help);['get_help', 'change_light_east_red']
You must always have either get_help or search the zebra.;G(get_help | search_zebra);['get_help', 'search_zebra']
This controller must always have either record injured_victim or avoid the nearest_unstable_beam.;G(avoid_nearest_unstable_beam | record_injured_victim);['avoid_nearest_unstable_beam', 'record_injured_victim']
You must always have either get_help or deliver the sports_ball to the loading_dock.;G(deliver_sports_ball_loading_dock | get_help);['get_help', 'deliver_sports_ball_loading_dock']
The system must always have either get_help or record the vehicle on east_1st_avenue.;G(get_help | record_vehicle_east_1st_avenue);['get_help', 'record_vehicle_east_1st_avenue']
The robot must always have either get_help or record safe_victim.;G(get_help | record_safe_victim);['get_help', 'record_safe_victim']
Our agent must always have either photo the cyclist on north_7th_avenue or photo the pedestrian on south_4th_avenue.;G(photo_cyclist_north_7th_avenue | photo_pedestrian_south_4th_avenue);['photo_cyclist_north_7th_avenue', 'photo_pedestrian_south_4th_avenue']
The robot must always have either go_home or deliver_aid the safe_hostile.;G(deliver_aid_safe_hostile | go_home);['go_home', 'deliver_aid_safe_hostile']
This controller must always have either search the kite or get_help.;G(get_help | search_kite);['get_help', 'search_kite']
If search the hair-drier happens infinitely often, then so does get_help.;GF search_hair_drier -> GF get_help;['get_help', 'search_hair_drier']
If communicate the safe_rescuer happens infinitely often, then so does get_help.;GF communicate_safe_rescuer -> GF get_help;['get_help', 'communicate_safe_rescuer']
If pickup the umbrella happens infinitely often, then so does get_help.;GF pickup_umbrella -> GF get_help;['get_help', 'pickup_umbrella']
If record safe_civilian happens infinitely often, then so does get_help.;GF record_safe_civilian -> GF get_help;['get_help', 'record_safe_civilian']
If photo the pedestrian on north_3rd_street happens infinitely often, then so does get_help.;GF photo_pedestrian_north_3rd_street -> GF get_help;['get_help', 'photo_pedestrian_north_3rd_street']
If search the sink happens infinitely often, then so does search the horse.;GF search_sink -> GF search_horse;['search_sink', 'search_horse']
If photo the person on southeast_5th_avenue happens infinitely often, then so does record the person on east_2nd_avenue.;GF photo_person_southeast_5th_avenue -> GF record_person_east_2nd_avenue;['photo_person_southeast_5th_avenue', 'record_person_east_2nd_avenue']
If change light_north yellow happens infinitely often, then so does get_help.;GF change_light_north_yellow -> GF get_help;['get_help', 'change_light_north_yellow']
If get_help happens infinitely often, then so does photo flood.;GF get_help -> GF photo_flood;['get_help', 'photo_flood']
If record safe_victim happens infinitely often, then so does go_home.;GF record_safe_victim -> GF go_home;['go_home', 'record_safe_victim']
If get_help happens infinitely often, then so does record the motorcycle on northeast_7th_avenue.;GF get_help -> GF record_motorcycle_northeast_7th_avenue;['get_help', 'record_motorcycle_northeast_7th_avenue']
If get_help happens infinitely often, then so does photo the collision on south_3rd_street.;GF get_help -> GF photo_collision_south_3rd_street;['get_help', 'photo_collision_south_3rd_street']
Either photo the collision on east_5th_avenue or record the car on west_8th_street happens infinitely often.;GF photo_collision_east_5th_avenue | GF record_car_west_8th_street;['photo_collision_east_5th_avenue', 'record_car_west_8th_street']
Either photo safe_civilian or photo gas_leak happens infinitely often.;GF photo_safe_civilian | GF photo_gas_leak;['photo_gas_leak', 'photo_safe_civilian']
Either deliver the sofa to the loading_dock or idle happens infinitely often.;GF deliver_sofa_loading_dock | GF idle;['idle', 'deliver_sofa_loading_dock']
Either record flood or get_help happens infinitely often.;GF record_flood | GF get_help;['get_help', 'record_flood']
Either get_help or pickup the suitcase happens infinitely often.;GF get_help | GF pickup_suitcase;['get_help', 'pickup_suitcase']
Either pickup the person or idle happens infinitely often.;GF pickup_person | GF idle;['idle', 'pickup_person']
Either deliver the wine_glass to the shelf or search the mouse happens infinitely often.;GF deliver_wine_glass_shelf | GF search_mouse;['search_mouse', 'deliver_wine_glass_shelf']
Either idle or pickup the carrot happens infinitely often.;GF idle | GF pickup_carrot;['idle', 'pickup_carrot']
Either avoid the active_flood or avoid the inactive_flood happens infinitely often.;GF avoid_active_flood | GF avoid_inactive_flood;['avoid_active_flood', 'avoid_inactive_flood']
Either record the cyclist on north_3rd_street or photo the jaywalker on northeast_3rd_avenue happens infinitely often.;GF record_cyclist_north_3rd_street | GF photo_jaywalker_northeast_3rd_avenue;['photo_jaywalker_northeast_3rd_avenue', 'record_cyclist_north_3rd_street']
Either pickup the carrot or deliver the horse to the loading_dock happens infinitely often.;GF pickup_carrot | GF deliver_horse_loading_dock;['pickup_carrot', 'deliver_horse_loading_dock']
Either idle or pickup the cow happens infinitely often.;GF idle | GF pickup_cow;['idle', 'pickup_cow']
Either search the hair-drier happens infinitely often, or deliver the backpack to the loading_dock happens in the next step.;GF search_hair_drier | X deliver_backpack_loading_dock;['search_hair_drier', 'deliver_backpack_loading_dock']
Either idle happens infinitely often, or deliver the remote to the shelf happens in the next step.;GF idle | X deliver_remote_shelf;['idle', 'deliver_remote_shelf']
Either photo the pedestrian on northwest_7th_street happens infinitely often, or get_help happens in the next step.;GF photo_pedestrian_northwest_7th_street | X get_help;['get_help', 'photo_pedestrian_northwest_7th_street']
Either communicate the safe_victim happens infinitely often, or photo safe_rescuer happens in the next step.;GF communicate_safe_victim | X photo_safe_rescuer;['communicate_safe_victim', 'photo_safe_rescuer']
Either pickup the baseball_glove happens infinitely often, or idle happensing in the next step.;GF pickup_baseball_glove | X idle;['idle', 'pickup_baseball_glove']
Either deliver_aid the injured_rescuer happens infinitely often, or communicate the safe_victim happens in the next step.;GF deliver_aid_injured_rescuer | X communicate_safe_victim;['communicate_safe_victim', 'deliver_aid_injured_rescuer']
Either avoid the nearest_gas_leak happens infinitely often, or get_help happens in the next step.;GF avoid_nearest_gas_leak | X get_help;['get_help', 'avoid_nearest_gas_leak']
Either record the pedestrian on east_10th_street happens infinitely often, or record the jaywalker on southwest_4th_avenue happens in the next step.;GF record_pedestrian_east_10th_street | X record_jaywalker_southwest_4th_avenue;['record_jaywalker_southwest_4th_avenue', 'record_pedestrian_east_10th_street']
Either get_help happens infinitely often, or change light_north yellow happens in the next step.;GF get_help | X change_light_north_yellow;['get_help', 'change_light_north_yellow']
Either get_help happens infinitely often, or photo the jaywalker on northwest_4th_avenue happens in the next step.;GF get_help | X photo_jaywalker_northwest_4th_avenue;['get_help', 'photo_jaywalker_northwest_4th_avenue']
Either idle happens infinitely often, or search the motorbike happens in the next step.;GF idle | X search_motorbike;['idle', 'search_motorbike']
Either deliver the parking_meter to the shelf happens infinitely often, or pickup the baseball_glove happens in the next step.;GF deliver_parking_meter_shelf | X pickup_baseball_glove;['pickup_baseball_glove', 'deliver_parking_meter_shelf']
Photograph the pedestrian on northeast_7th_avenue holds at all times.;G photo_pedestrian_northeast_7th_avenue;['photo_pedestrian_northeast_7th_avenue']
Take a picture of the motorcycle on east_9th_street holds at all times.;G photo_motorcycle_east_9th_street;['photo_motorcycle_east_9th_street']
Communicate with the injured_rescuer holds at all times.;G communicate_injured_rescuer;['communicate_injured_rescuer']
Update light_south red holds at all times.;G change_light_south_red;['change_light_south_red']
Idle holds at all times.;G idle;['idle']
Record safe_civilian holds at all times.;G record_safe_civilian;['record_safe_civilian']
Take a picture of the collision on northwest_1st_avenue holds at all times.;G photo_collision_northwest_1st_avenue;['photo_collision_northwest_1st_avenue']
Switch light_south yellow holds at all times.;G change_light_south_yellow;['change_light_south_yellow']
Take a video of the jaywalker on southwest_2nd_avenue holds at all times.;G record_jaywalker_southwest_2nd_avenue;['record_jaywalker_southwest_2nd_avenue']
Take a photo of the vehicle on north_2nd_street holds at all times.;G photo_vehicle_north_2nd_street;['photo_vehicle_north_2nd_street']
Retrieve the fire_hydrant holds at all times.;G pickup_fire_hydrant;['pickup_fire_hydrant']
Begin recording the vehicle on west_6th_avenue holds at all times.;G record_vehicle_west_6th_avenue;['record_vehicle_west_6th_avenue']
If record the cyclist on southwest_6th_street holds, then in the next step change light_south yellow persists until calling for help holds, or else change light_south yellow holds forever.;record_cyclist_southwest_6th_street -> X((change_light_south_yellow U get_help) | G change_light_south_yellow);['get_help', 'change_light_south_yellow', 'record_cyclist_southwest_6th_street']
If get_help holds, then in the next step search the tv_monitor persists until searching for the refrigerator holds, or else search the tv_monitor holds forever.;get_help -> X((search_tv_monitor U search_refrigerator) | G search_tv_monitor);['get_help', 'search_tv_monitor', 'search_refrigerator']
If get_help holds, then in the next step search the sheep persists until idleing holds, or else search the sheep holds forever.;get_help -> X((search_sheep U idle) | G search_sheep);['get_help', 'idle', 'search_sheep']
If get_help holds, then in the next step deliver_aid the injured_rescuer persists until going home holds, or else deliver_aid the injured_rescuer holds forever.;get_help -> X((deliver_aid_injured_rescuer U go_home) | G deliver_aid_injured_rescuer);['get_help', 'go_home', 'deliver_aid_injured_rescuer']
If deliver the fork to the loading_dock holds, then in the next step idle persists until searching for the umbrella holds, or else idle holds forever.;deliver_fork_loading_dock -> X((idle U search_umbrella) | G idle);['idle', 'deliver_fork_loading_dock', 'search_umbrella']
If record the motorcycle on south_2nd_street holds, then in the next step photo the motorcycle on south_3rd_avenue persists until begining recording the collision on northwest_9th_street holds, or else photo the motorcycle on south_3rd_avenue holds forever.;record_motorcycle_south_2nd_street -> X((photo_motorcycle_south_3rd_avenue U record_collision_northwest_9th_street) | G photo_motorcycle_south_3rd_avenue);['record_motorcycle_south_2nd_street', 'photo_motorcycle_south_3rd_avenue', 'record_collision_northwest_9th_street']
If search the chair holds, then in the next step deliver the tv_monitor to the loading_dock persists until handing over the cat to the loading_dock holds, or else deliver the tv_monitor to the loading_dock holds forever.;search_chair -> X((deliver_tv_monitor_loading_dock U deliver_cat_loading_dock) | G deliver_tv_monitor_loading_dock);['search_chair', 'deliver_tv_monitor_loading_dock', 'deliver_cat_loading_dock']
If get_help holds, then in the next step record the motorcycle on north_2nd_street persists until change light_west green holds, or else record the motorcycle on north_2nd_street holds forever.;get_help -> X((record_motorcycle_north_2nd_street U change_light_west_green) | G record_motorcycle_north_2nd_street);['get_help', 'change_light_west_green', 'record_motorcycle_north_2nd_street']
If communicate the injured_hostile holds, then in the next step record unsafe_person persists until photo unsafe_civilian holds, or else record unsafe_person holds forever.;communicate_injured_hostile -> X((record_unsafe_person U photo_unsafe_civilian) | G record_unsafe_person);['record_unsafe_person', 'communicate_injured_hostile', 'photo_unsafe_civilian']
If record flood holds, then in the next step avoid the probable_debris persists until talking to the safe_hostile holds, or else avoid the probable_debris holds forever.;record_flood -> X((avoid_probable_debris U communicate_safe_hostile) | G avoid_probable_debris);['communicate_safe_hostile', 'record_flood', 'avoid_probable_debris']
If search the tv_monitor holds, then in the next step pickup the cup persists until geting help holds, or else pickup the cup holds forever.;search_tv_monitor -> X((pickup_cup U get_help) | G pickup_cup);['get_help', 'search_tv_monitor', 'pickup_cup']
If deliver the hair-drier to the loading_dock holds, then in the next step get_help persists until searching the tie holds, or else get_help holds forever.;deliver_hair_drier_loading_dock -> X((get_help U search_tie) | G get_help);['get_help', 'search_tie', 'deliver_hair_drier_loading_dock']
Pick up the clock must keep holding until, from some point on, search the remote holds infinitely often.;pickup_clock U GF search_remote;['pickup_clock', 'search_remote']
The robot must avoid the inactive_unstable_beam must keep holding until, from some point on, photo unsafe_victim holds infinitely often.;avoid_inactive_unstable_beam U GF photo_unsafe_victim;['avoid_inactive_unstable_beam', 'photo_unsafe_victim']
Photograph the motorcycle on northwest_8th_avenue must keep holding until, from some point on, photo the motorcycle on west_4th_street holds infinitely often.;photo_motorcycle_northwest_8th_avenue U GF photo_motorcycle_west_4th_street;['photo_motorcycle_northwest_8th_avenue', 'photo_motorcycle_west_4th_street']
Establish communication with the injured_hostile must keep holding until, from some point on, go_home holds infinitely often.;communicate_injured_hostile U GF go_home;['go_home', 'communicate_injured_hostile']
Record unsafe_rescuer must keep holding until, from some point on, avoid the probable_unstable_beam holds infinitely often.;record_unsafe_rescuer U GF avoid_probable_unstable_beam;['avoid_probable_unstable_beam', 'record_unsafe_rescuer']
Take a video of flood must keep holding until, from some point on, get_help holds infinitely often.;record_flood U GF get_help;['get_help', 'record_flood']
Give aid to the injured_hostile must keep holding until, from some point on, communicate the injured_hostile holds infinitely often.;deliver_aid_injured_hostile U GF communicate_injured_hostile;['deliver_aid_injured_hostile', 'communicate_injured_hostile']
Call for help must keep holding until, from some point on, go_home holds infinitely often.;get_help U GF go_home;['get_help', 'go_home']
Take a video of unsafe_rescuer must keep holding until, from some point on, photo injured_civilian holds infinitely often.;record_unsafe_rescuer U GF photo_injured_civilian;['photo_injured_civilian', 'record_unsafe_rescuer']
Photograph the pedestrian on west_6th_street must keep holding until, from some point on, change light_south yellow holds infinitely often.;photo_pedestrian_west_6th_street U GF change_light_south_yellow;['change_light_south_yellow', 'photo_pedestrian_west_6th_street']
Get help must keep holding until, from some point on, avoid the nearest_flood holds infinitely often.;get_help U GF avoid_nearest_flood;['get_help', 'avoid_nearest_flood']
Pick up the laptop must keep holding until, from some point on, deliver the dog to the loading_dock holds infinitely often.;pickup_laptop U GF deliver_dog_loading_dock;['deliver_dog_loading_dock', 'pickup_laptop']
Our agent must Please change light_south green and then get_help.;change_light_south_green U get_help;['get_help', 'change_light_south_green']
In this task, photo the car on west_2nd_street, then record the pedestrian on west_4th_avenue.;photo_car_west_2nd_street U record_pedestrian_west_4th_avenue;['photo_car_west_2nd_street', 'record_pedestrian_west_4th_avenue']
The system must Please record the person on north_7th_avenue and then get_help.;record_person_north_7th_avenue U get_help;['get_help', 'record_person_north_7th_avenue']
In this task, change light_west green, then get_help.;change_light_west_green U get_help;['get_help', 'change_light_west_green']
The system must Please photo the cyclist on southwest_10th_avenue and then record the jaywalker on southwest_6th_street.;photo_cyclist_southwest_10th_avenue U record_jaywalker_southwest_6th_street;['photo_cyclist_southwest_10th_avenue', 'record_jaywalker_southwest_6th_street']
The system must Please pickup the microwave and then search the boat.;pickup_microwave U search_boat;['pickup_microwave', 'search_boat']
Our agent must Please get_help and then deliver the bottle to the shelf.;get_help U deliver_bottle_shelf;['get_help', 'deliver_bottle_shelf']
The robot must Please change light_west red and then photo the pedestrian on southeast_4th_street.;change_light_west_red U photo_pedestrian_southeast_4th_street;['change_light_west_red', 'photo_pedestrian_southeast_4th_street']
You must Please photo the car on southwest_1st_street and then get_help.;photo_car_southwest_1st_street U get_help;['get_help', 'photo_car_southwest_1st_street']
This controller must Please change light_west red and then get_help.;change_light_west_red U get_help;['get_help', 'change_light_west_red']
In this task, deliver_aid the safe_hostile, then get_help.;deliver_aid_safe_hostile U get_help;['get_help', 'deliver_aid_safe_hostile']
In this task, get_help, then pickup the sports_ball.;get_help U pickup_sports_ball;['get_help', 'pickup_sports_ball']
