Ground Truth,Response
!limits U (limits & X(state_is_FAULT)),G(limits -> X state_is_FAULT)
G(!request -> F(state_is_TRANSITION)),G(!request -> X state_is_TRANSITION)
G(!request & !limits -> F(state_is_TRANSITION)),G((state_is_TRANSITION & !request & !limits) -> X state_is_TRANSITION)
G(request & mode -> X(state_is_NOMINAL)),G((request & mode) -> F state_is_NOMINAL)
!limits U (limits & G(!standby & supported & !apfail -> (pullup))),G(((limits & !standby & supported & !apfail) -> pullup))
G(standby -> F(state_is_STANDBY)),G((standby & !state_is_STANDBY) -> X state_is_STANDBY)
G(good & supported -> X(state_is_NOMINAL)),G((state_is_NOMINAL & supported & good) -> X state_is_NOMINAL)
G(!good -> X(state_is_MANEUVER)),G((!good & state_is_MANEUVER) -> X state_is_MANEUVER)
G(standby -> X(state_is_STANDBY)),G((state_is_STANDBY & !standby) -> X standby)
G(standby & good -> X(state_is_STANDBY)),G((state_is_STANDBY & standby & good) -> X state_is_STANDBY)
G(supported & good -> X(state_is_TRANSITION)),G((state_is_TRANSITION & supported & good) -> X state_is_TRANSITION)
G(!standby -> F(state_is_TRANSITION)),G(standby -> X state_is_TRANSITION)
!apfail U (apfail & X(state_is_MANEUVER)),G(apfail -> X state_is_MANEUVER)
!initDone U (initDone & G(StartUpMode -> F(SelfTestMode))),G((StartUpMode & initDone) -> X SelfTestMode)
G(StartUpMode -> X(checkCommsSensors & checkCommsValves)),G(StartUpMode -> (checkCommsSensors & checkCommsValves))
!selfTestFail U (selfTestFail & G(SelfTestMode -> (!ventilating U off))),G(selfTestFail -> !ventilating)
!expiratoryPauseButton & expiratoryPhaseEnd U (expiratoryPauseButton & expiratoryPhaseEnd & G((PCVMode | PSVMode) & expiratoryPauseButton -> G(expiratoryPause & inValveClose & outValveClose))),G((PCVMode | PSVMode) & expiratoryPauseButton -> (expiratoryPause U (expiratoryPhaseEnd & X((inValveClose & outValveClose) U !expiratoryPause))))
!(breathingCycleStart) U ((breathingCycleStart) & G(PCVMode -> (inspiratoryPhaseStart))),G(PCVMode -> (breathingCycleStart -> inspiratoryPhaseStart))
!(inspiratoryPhaseEnd) U ((inspiratoryPhaseEnd) & G((PSVMode & inspiratoryPauseButton) -> ((inValveClose & outValveClose)))),G((PSVMode & inspiratoryPhaseEnd & inspiratoryPauseButton) -> X inspiratoryPauseButton)
G((StartUpMode | StandbyMode) -> G((inValveClose & outValveOpen))),G((StartUpMode | StandbyMode) -> (inValveClose & outValveOpen))
!(inspiratoryPauseButton) U ((inspiratoryPauseButton) & G((( PCVMode | PSVMode )) -> ((inspiratoryPause | (! inspiratoryPauseButton))))),G((PCVMode | PSVMode) & inspiratoryPauseButton -> F inspiratoryPause)
G(StartUpMode -> X(defaultParamsLoaded)),G(StartUpMode -> F defaultParamsLoaded)
!(selfTestPass | guiResumeRequest) U ((selfTestPass | guiResumeRequest) & G(SelfTestMode -> F(StandbyMode))),G((SelfTestMode & selfTestPass & guiResumeRequest) -> X StandbyMode)
!(inspiratoryPhaseEnd) U ((inspiratoryPhaseEnd) & G((PSVMode & RMButton) -> (RM))),G((PSVMode & inspiratoryPhaseEnd & !RMButton) -> X RM)
(((! ((((StartUpMode | SelfTestMode) | StandbyMode) | PCVMode) | PSVMode)) U (off))),G((PCVMode | PSVMode | SelfTestMode | StandbyMode | StartUpMode) -> (!off U off))
!(inspiratoryPhaseEnd) U ((inspiratoryPhaseEnd) & G((PCVMode & inspiratoryPauseButton) -> ((inValveClose & outValveClose)))),G((PCVMode & inspiratoryPhaseEnd & inspiratoryPauseButton) -> X inspiratoryPauseButton)
!(RM) U ((RM) & F(((! RM) & expiratoryPhaseStart))),G((RM & !expiratoryPhaseStart) -> (RM U expiratoryPhaseStart))
G(failSafeMode -> X((inValveClose & outValveOpen))),G(failSafeMode -> (inValveClose & outValveOpen))
!(expiratoryPauseButton) U ((expiratoryPauseButton) & G((( PCVMode | PSVMode )) -> X((expiratoryPause | (! expiratoryPauseButton))))),G((PCVMode | PSVMode) & expiratoryPauseButton -> F expiratoryPause)
!(PSVModeSelected) U ((PSVModeSelected) & G(StandbyMode -> X(PSVMode))),G((PSVModeSelected & !PSVMode) -> X PSVMode)
!(inspiratoryPhaseEnd) U ((inspiratoryPhaseEnd) & G((( PCVMode | PSVMode ) & RMButton & ! inspiratoryPauseButton) -> (RM))),G(((PCVMode | PSVMode) & inspiratoryPhaseEnd & !inspiratoryPauseButton & RMButton) -> F RM)
!(stopVentilation) U ((stopVentilation) & G(PSVMode -> X(StandbyMode))),G((PSVMode & stopVentilation) -> X StandbyMode)
!(inspiratoryPhaseEnd) U ((inspiratoryPhaseEnd) & G((PCVMode & RMButton) -> (RM))),G((PCVMode & inspiratoryPhaseEnd & !RMButton & RM) -> X RM)
!(PCVModeSelected) U ((PCVModeSelected) & G(StandbyMode -> X(PCVMode))),G((PCVModeSelected & !PCVMode) -> X PCVMode)
G((RM) -> X((outValveClose & inValveOpen))),G(RM -> (outValveClose & inValveOpen))
!inspiratoryPauseButton & inspiratoryPhaseEnd U (inspiratoryPauseButton & inspiratoryPhaseEnd & G((PCVMode | PSVMode) & inspiratoryPauseButton -> G(inspiratoryPause & inValveClose & outValveClose))),G((PCVMode | PSVMode) & inspiratoryPauseButton -> F(inspiratoryPhaseEnd & inspiratoryPause -> X(inValveClose & outValveClose U !inspiratoryPauseButton)))
G(SelfTestMode -> X((selfTestPass | selfTestFail))),G(SelfTestMode -> F(selfTestPass | selfTestFail))
!(PSVModeSelected) U ((PSVModeSelected) & G(PCVMode -> F(confirmPSVParameters))),G((PCVMode & X PSVModeSelected) -> X confirmPSVParameters)
G(SelfTestMode -> (((testFl2Pass | testFl2Fail) | testFl2Skip))),G(SelfTestMode -> F(testFl2Pass | testFl2Fail | testFl2Skip))
G(StartUpMode -> X((((initStart & checkCommsSensors) & checkCommsValves) & checkCommsGUI))),G(StartUpMode -> F(initStart & checkCommsGUI & checkCommsSensors & checkCommsValves))
!(guiFailure | ! guiConnected) U ((guiFailure | ! guiConnected) & F((ventilating & highPriorityAlarm))),G((guiFailure | !guiConnected) -> (highPriorityAlarm & ventilating))
!(selfTestPass) U ((selfTestPass) & F(((startMonitoring & startReportingHealthParams) & StandbyMode))),G((selfTestPass & startMonitoring) -> startReportingHealthParams)
!(resumeVentilation) U ((resumeVentilation) & F((SelfTestMode & (((((((testPowerSwitchPass | testPowerSwitchSkip) & (testLeaksPass | testLeaksSkip)) & (testFl2Pass | testFl2Skip)) & (testPSExpPass | testPSExpSkip)) & (testOxygenSensorPass | testOxygenSensorSkip)) & (testAlarmsPass | testAlarmsSkip)) -> selfTestPass)))),resumeVentilation -> G((testAlarmsPass | testAlarmsSkip) & (testFl2Pass | testFl2Skip) & (testLeaksPass | testLeaksSkip) & (testOxygenSensorPass | testOxygenSensorSkip) & (testPSExpPass | testPSExpSkip) & (testPowerSwitchPass | testPowerSwitchSkip))
(G((measureTV & displayTV))),G(measureTV -> F displayTV)
G(enableLeakCompensation -> (leakCompensationActive)),G(!leakCompensationActive)
G(StartUpMode | SelfTestMode -> G(! patientConnected)),G((StartUpMode | SelfTestMode) -> !patientConnected)
(X(enterAlarmThresholds)),G((X ventilationStarted) -> enterAlarmThresholds)
!breathingCycleDone | patientBreathingRequest U (breathingCycleDone | patientBreathingRequest & G(PCVMode -> (breathingCycleStart))),G(PCVMode -> ((breathingCycleDone | (patientBreathingRequest & !breathingCycleStart)) -> X breathingCycleStart))
G(SelfTestMode -> X(((testPSExpPass | testPSExpFail) | testPSExpSkip))),G(SelfTestMode -> F(testPSExpPass | testPSExpFail | testPSExpSkip))
!(apnea) U ((apnea) & (apneaAlarm)),G(apnea -> apneaAlarm)
!(selfTestPass) U ((selfTestPass) & X(StandbyMode)),G(selfTestPass -> F StandbyMode)
!(ventilatorSettingsChanged) U ((ventilatorSettingsChanged) & (logVentilatorSettings)),G(ventilatorSettingsChanged -> F logVentilatorSettings)
(((selfTestPass | selfTestFail))),G(selfTestPass -> !selfTestFail)
G(failSafeMode -> X(patientSafe)),G(failSafeMode -> patientSafe)
G(PCVMode -> G((((confirmPSVParameters & PSVMode) | ((! confirmPSVParameters) & PCVMode)) & ventilating))),G((PSVMode -> confirmPSVParameters) & (!confirmPSVParameters -> PCVMode))
!(alarmSettingsChanged) U ((alarmSettingsChanged) & (logAlarmSettings)),G(alarmSettingsChanged -> F logAlarmSettings)
G(StandbyMode -> G((!ventilating))),G(StandbyMode -> !ventilating)
G(StandbyMode -> F((ventilationParamsAdjustable))),G(StandbyMode -> ventilationParamsAdjustable)
!initFail U (initFail & G(StartUpMode -> X(initFail & OutOfServiceWarning & failSafeMode))),initFail -> (OutOfServiceWarning & !StartUpMode & !failSafeMode)
!(PSVModeSelected) U ((PSVModeSelected) & G(PCVMode -> X((! (inspiratoryPhaseEnd & PSVMode))))),G(PCVMode -> (inspiratoryPhaseEnd -> X PSVMode))
G(SelfTestMode -> X(((testOxygenSensorPass | testOxygenSensorFail) | testOxygenSensorSkip))),G(SelfTestMode -> F(testOxygenSensorPass))
!(patientChanged) U ((patientChanged) & X(logPatientChange)),G(patientChanged -> logPatientChange)
G(SelfTestMode -> (((testAlarmsPass | testAlarmsFail) | testAlarmsSkip))),G(SelfTestMode -> F(testAlarmsPass))
G((gasSupplyFailure) -> X(patientSafe)),G(gasSupplyFailure -> patientSafe)
(G(enableLeakCompensation <-> leakCompensationActive)),G(F enableLeakCompensation & F !enableLeakCompensation)
!(powerSupplyChanged) U ((powerSupplyChanged) & X(logPowerSupply)),G(powerSupplyChanged -> F logPowerSupply)
(X(loadLog)),G(startup -> F loadLog)
!(patientBreathTrigger) U ((patientBreathTrigger) & (breathingTimerReset)),G(patientBreathTrigger -> breathingTimerReset)
G(SelfTestMode -> (((testPowerSwitchPass | testPowerSwitchFail) | testPowerSwitchSkip))),G(SelfTestMode -> F(testPowerSwitchPass | testPowerSwitchFail | testPowerSwitchSkip))
!(RMButton) U ((RMButton) & G(PCVMode -> X(RM))),G(PCVMode -> F(RMButton -> X RM))
!MinPEEPAlarm U (MinPEEPAlarm & G(enableLeakCompensation -> X(leakCompensationActive))),G(enableLeakCompensation -> F(leakCompensationActive & MinPEEPAlarm))
!(powerButton) U ((powerButton) & G((breathingCircuitConnected & ! ( patientConnected ) & airSupplyConnected & powerConnected ) -> (StartUpMode))),G((breathingCircuitConnected & !patientConnected & airSupplyConnected & powerConnected & powerButton) -> X StartUpMode)
!(preUseCheckDone) U ((preUseCheckDone) & F(logPreUseCheck)),G(logPreUseCheck -> F preUseCheckDone)
!(selfTestFail) U ((selfTestFail) & G(SelfTestMode -> ((OutOfServiceWarning & failSafeMode)))),G(selfTestFail -> (OutOfServiceWarning & !SelfTestMode & !failSafeMode))
G(SelfTestMode -> F(((testLeaksPass | testLeaksFail) | testLeaksSkip))),G(SelfTestMode -> F(testLeaksPass | testLeaksSkip))
(G((measureRR & displayRR))),measureRR & displayRR
!(PSVModeSelected) U ((PSVModeSelected) & G(PCVMode -> ((ventilating & PSVMode)))),G((PCVMode & ventilating) -> F(PSVModeSelected))
(G(logO2SensorUse)),F logO2SensorUse
(G((measureO2_PRC_ & displayO2_PRC_))),G(measureO2_PRC_ -> F displayO2_PRC_)
!(resumeVentilation) U ((resumeVentilation) & F(loadLastParams)),resumeVentilation -> F loadLastParams
!breathingCycleDone | patientBreathingRequest U (breathingCycleDone | patientBreathingRequest & G(PCVMode -> X(inspiratoryPhaseStart))),G(PCVMode -> (breathingCycleDone | patientBreathingRequest) -> inspiratoryPhaseStart)
G(StandbyMode -> G(((!ventilating & inValveClose) & outValveOpen))),G(StandbyMode -> (!ventilating & inValveClose & outValveOpen))
G(StartUpMode -> F((((checkCommsSensors) & checkCommsValves) & checkCommsGUI) & defaultParamsLoaded & (initStart & (initDone | ((initFail & OutOfServiceWarning) & failSafeMode))))),G(StartUpMode -> (defaultParamsLoaded & checkCommsSensors & checkCommsValves & checkCommsGUI) U initDone)
!(expiratoryPauseButton) U ((expiratoryPauseButton) & G(PCVMode & expiratoryPhaseEnd & !patientBreathingRequest -> (((expiratoryPhaseEnd & inValveClose) & outValveClose)))),G((PCVMode & !patientBreathingRequest & !expiratoryPhaseEnd) -> (!expiratoryPauseButton U expiratoryPauseButton))
!(! RMButton) U ((! RMButton) & X(((! RM) & expiratoryPhaseStart))),G(RMButton -> F !RM)
G((expiratoryPhase) -> G((inValveClose & outValveOpen))),G(expiratoryPhase -> (inValveClose & outValveOpen))
!(off & powerButton) U ((off & powerButton) & ((StartUpMode))),powerButton -> X StartUpMode
!(inspiratoryPhaseEnd & PSVModeSelected) U ((inspiratoryPhaseEnd & PSVModeSelected) & G(PCVMode -> ((ventilating & PSVMode)))),G((PCVMode & ventilating & PSVModeSelected) -> F(inspiratoryPhaseEnd & X(PSVMode)))
!(stopVentilation) U ((stopVentilation) & G(PCVMode -> (StandbyMode))),G((PCVMode & stopVentilation) -> X StandbyMode)
!(breathingCycleStart) U ((breathingCycleStart) & G(PSVMode -> (inspiratoryPhaseStart))),G(PSVMode -> (breathingCycleStart -> inspiratoryPhaseStart))
!(!off & powerButton) U ((!off & powerButton) & (finalState)),G(finalState -> (off & powerButton))
G(finalState -> F((parametersStored & off))),G(finalState -> (parametersStored & off))
!(V_E_lessThan_ExpiratoryTriggerSensitivity_multiplyBy_PeakV_E) U ((V_E_lessThan_ExpiratoryTriggerSensitivity_multiplyBy_PeakV_E) & G(PSVMode -> F(expiratoryPhaseStart))),G(PSVMode -> (V_E_lessThan_ExpiratoryTriggerSensitivity_multiplyBy_PeakV_E -> F expiratoryPhaseStart))
!(expiratoryPauseButton) U ((expiratoryPauseButton) & G((PSVMode & expClock_within_interval_min_exp_time_psv_to_apnea_lag & !patientBreathingRequest & expiratoryPhase) -> X(((expiratoryPhaseEnd & inValveClose) & outValveClose)))),G((PSVMode & expiratoryPhase & !patientBreathingRequest) -> (expiratoryPauseButton U expiratoryPhaseEnd))
!(dropPAW_greaterThan_ITS_PCV) U ((dropPAW_greaterThan_ITS_PCV) & G((PCVMode) -> X(patientBreathingRequest))),G((PCVMode & patientBreathingRequest & dropPAW_greaterThan_ITS_PCV) -> X !PCVMode)
G(PSVMode -> (inspiratoryPhase U (( P_insp_greaterThanOrEqual_MaxP_insp | inspClock_greaterThanOrEqual_inspiratoryTime )))),G((PSVMode & inspiratoryPhase) -> (inspiratoryPhase U (P_insp_greaterThanOrEqual_MaxP_insp | inspClock_greaterThanOrEqual_inspiratoryTime))) & G((PSVMode & (P_insp_greaterThanOrEqual_MaxP_insp | inspClock_greaterThanOrEqual_inspiratoryTime)) -> X(!inspiratoryPhase))
G((inspiratoryPhase) -> G((((outValveClose & ((PCVMode & (! apnea)) -> (P_insp_equalTo_P_inspPCV))) & (PSVMode -> (P_insp_equalTo_P_inspPSV))) & ((PCVMode & apnea) -> (P_insp_equalTo_P_inspAP))))),G(inspiratoryPhase -> (outValveClose & ((PCVMode -> P_insp_equalTo_P_inspPCV) & (PSVMode -> P_insp_equalTo_P_inspPSV) & (apnea -> P_insp_equalTo_P_inspAP))))
!(l1_lessThan_ExpiratoryTriggerSensitivity) U ((l1_lessThan_ExpiratoryTriggerSensitivity) & G(PSVMode -> F(expiratoryPhaseStart))),G(PSVMode -> (l1_lessThan_ExpiratoryTriggerSensitivity -> expiratoryPhaseStart))
!(P_insp_greaterThan_MaxP_insp) U ((P_insp_greaterThan_MaxP_insp) & ((inspiratoryPhaseEnd & expiratoryPhaseStart))),G((P_insp_greaterThan_MaxP_insp) -> (X(expiratoryPhaseStart) & !inspiratoryPhaseEnd))
!(param_V_greaterThan_paramMax_V | param_V_lessThan_paramMin_V) U ((param_V_greaterThan_paramMax_V | param_V_lessThan_paramMin_V) & (paramAlarm_V)),G((param_V_greaterThan_paramMax_V | param_V_lessThan_paramMin_V) -> paramAlarm_V)
!(breathingTime_greaterThanOrEqual_apneaLagTime) U ((breathingTime_greaterThanOrEqual_apneaLagTime) & G(PSVMode -> X(apnea))),G(PSVMode -> F(apnea))
(G(((user_equalTo_operator) -> (! eraseLog)))),G(!eraseLog)
!(apnea) U ((apnea) & F((((PCVMode & (RR_equalTo_RR_AP)) & (P_insp_equalTo_P_inspAP)) & (ItoE_equalTo_ItoE_AP)))),G(apnea -> X(PCVMode & RR_equalTo_RR_AP & P_insp_equalTo_P_inspAP & ItoE_equalTo_ItoE_AP))
!(dropPAW_greaterThan_ITS_PCV) U ((dropPAW_greaterThan_ITS_PCV) & F(breathingCycleStart)),G(breathingCycleStart -> dropPAW_greaterThan_ITS_PCV)
G(PCVMode -> G(((breathingCycleTime_equalTo_1_divideBy_RR_PCV) & (ExpiratoryTime_equalTo_breathingCycleTime_divideBy_1_plus_ItoE_PCV)))),PCVMode -> F(breathingCycleTime_equalTo_1_divideBy_RR_PCV & ExpiratoryTime_equalTo_breathingCycleTime_divideBy_1_plus_ItoE_PCV)
!(dropPAW_greaterThan_ITS_PSV) U ((dropPAW_greaterThan_ITS_PSV) & G(PSVMode -> (breathingCycleStart))),G(PSVMode -> (breathingCycleStart -> dropPAW_greaterThan_ITS_PSV))
!(pressureSensorRetries_greaterThanOrEqual_5 & ( pressureSensorConnFailure | pressureSensorError )) U ((pressureSensorRetries_greaterThanOrEqual_5 & ( pressureSensorConnFailure | pressureSensorError )) & G(StartUpMode -> X(failSafeMode))),G((StartUpMode & (pressureSensorConnFailure | pressureSensorError | pressureSensorRetries_greaterThanOrEqual_5)) -> F failSafeMode)
!(breathingTime_greaterThanOrEqual_apneaLagTime) U ((breathingTime_greaterThanOrEqual_apneaLagTime) & G(PSVMode -> X((((PCVMode & (RR_equalTo_RR_AP)) & (P_insp_equalTo_P_inspAP)) & (ItoE_equalTo_ItoE_AP))))),G((PSVMode & !breathingTime_greaterThanOrEqual_apneaLagTime) -> X(PCVMode & RR_equalTo_RR_AP & P_insp_equalTo_P_inspAP & ItoE_equalTo_ItoE_AP))
G(PCVMode -> F((inspiratoryTime_equalTo_60_multiplyBy_ItoE_PCV_divideBy_RR_PCV_multiplyBy_1_plus_ItoE_PCV))),G(PCVMode -> (inspiratoryTime_equalTo_60_multiplyBy_ItoE_PCV_divideBy_RR_PCV_multiplyBy_1_plus_ItoE_PCV -> X(!PCVMode)))
G(PSVMode -> ((((minExpiratoryTime_greaterThanOrEqual_0_4) & (minExpiratoryTime_lessThanOrEqual_2)) & (expiratoryPhase -> (minExpiratoryTime_equalTo_inspClock_divideBy_2))))),G(PSVMode -> (minExpiratoryTime_equalTo_inspClock_divideBy_2 & minExpiratoryTime_greaterThanOrEqual_0_4 & minExpiratoryTime_lessThanOrEqual_2))
!(ADCRetries_greaterThanOrEqual_5 & ( ADCConnFailure | ADCError )) U ((ADCRetries_greaterThanOrEqual_5 & ( ADCConnFailure | ADCError )) & G(StartUpMode -> X(failSafeMode))),G((StartUpMode & (ADCConnFailure | ADCError | ADCRetries_greaterThanOrEqual_5)) -> F failSafeMode)
!(breathingTime_greaterThanOrEqual_apneaLagTime) U ((breathingTime_greaterThanOrEqual_apneaLagTime) & G(PSVMode -> F(((((apnea & PCVMode) & (RR_equalTo_RR_AP)) & (P_insp_equalTo_P_inspAP)) & (ItoE_equalTo_ItoE_AP))))),G((PSVMode & apnea & breathingTime_greaterThanOrEqual_apneaLagTime) -> X(PCVMode & RR_equalTo_RR_AP & P_insp_equalTo_P_inspAP & ItoE_equalTo_ItoE_AP))
!(dropPAW_greaterThan_ITS_PSV) U ((dropPAW_greaterThan_ITS_PSV) & G((PSVMode & expiratoryPhase) -> X(patientBreathingRequest & inspiratoryPhaseStart))),G(PSVMode -> (dropPAW_greaterThan_ITS_PSV -> X inspiratoryPhaseStart))
!(P_insp_greaterThan_MaxP_insp) U ((P_insp_greaterThan_MaxP_insp) & X((inspiratoryPhaseEnd & expiratoryPhaseStart))),G((P_insp_greaterThan_MaxP_insp & !expiratoryPhaseStart) -> X expiratoryPhaseStart)
